iso3,country,2000,2001,2002,2003,2004,2005,2006,2007,2008,2009,2010,2011,2012,2013,2014,2015,2016,2017,2018,2019,2020
ABW,Aruba,28104.8954362859,29007.7386958774,28535.4639480222,28525.8077063839,29959.7748189582,29081.7066997897,28885.9118700469,29556.8384686554,29870.6648077005,26204.0597361984,25429.2180974853,26093.0542083227,25444.7336646687,26680.1411206342,26773.8226808518,27458.2201537506,27587.2498040483,28548.8904317739,29419.208623316,29699.1805366222,22729.8897593533
AFE,Africa Eastern and Southern,1205.98105360593,1216.33535706379,1231.4445675519,1235.71164842373,1271.31275711155,1314.3879382145,1364.70525366925,1417.47243247841,1440.59728407645,1414.58775130051,1449.48915951845,1468.63057193646,1456.72281306529,1478.97797685759,1495.95557383523,1498.8752400759,1490.9075460241,1490.91109750422,1489.94213724372,1479.37238691603,1399.39849841898
AFG,Afghanistan,308.318269746638,277.118051443941,338.139973643387,346.071627096223,338.637273888197,363.640141436773,367.75831169358,410.757728879097,417.647282647498,488.830652491949,542.871030476037,525.42698276582,568.929021458341,580.603833333096,575.146245808546,565.569730408751,563.872336723147,562.769574140988,553.125151688293,557.861533207459,527.834554499306
AFW,Africa Western and Central,1188.0373057001,1215.84949075792,1299.69542056655,1334.72594265973,1402.22876764658,1441.98859440003,1475.92318265943,1513.01942969263,1562.21124621273,1612.48837316067,1677.95238312056,1711.53923110365,1749.98138710355,1805.79842409374,1857.17116320705,1860.72768628324,1815.17120349953,1808.72220111739,1814.69463581898,1829.06806387649,1719.26150438049
AGO,Angola,2172.46326720494,2189.17352158246,2404.97792071531,2403.40415157038,2583.32411461288,2843.3966357968,3065.05576243895,3336.36332465208,3559.19522512236,3494.80724466172,3540.79159568381,3528.16824373399,3682.35229322763,3716.29718727282,3746.81619978613,3641.72893919944,3454.03317187119,3328.8982124109,3196.79006983557,3083.97534427357,2864.16146036893
ALB,Albania,1991.91435867116,2188.91854451375,2297.10853513924,2428.68934653563,2567.29763687121,2712.86983830331,2894.36032580174,3105.8796756386,3345.98161761476,3459.24695646692,3579.82413181046,3677.89457937717,3771.84781862015,3895.89975621942,4045.11934884933,4199.53912925398,4431.55635814168,4648.23078660658,4893.82375538717,5072.43648354739,4980.61699524696
AND,Andorra,34113.8334027285,36790.1209900717,38084.5022003398,39620.3387714274,40054.3399679173,40528.1938997392,41322.0723316534,40789.1781297264,37775.1438845998,35604.4007343193,36277.2814831059,37637.5045137987,36206.9954432018,35684.1861967511,37300.6419409868,38654.95287916,40085.0394278177,39361.0807539996,39242.1633307803,39346.2935180487,34536.666145207
ARB,Arab World,4910.08259157072,4892.98855329169,4835.589416667,4926.58928334869,5250.08375247516,5412.64941314351,5614.91183040313,5727.33322290223,5894.47746607478,5787.82712590845,5948.12916468842,6036.42083357432,6218.04632240872,6220.63858713989,6238.07256611906,6290.55879501691,6366.04865571626,6322.52614443499,6377.12047410411,6367.60443969474,5904.57124162288
ARE,United Arab Emirates,56939.2701807931,54169.4153530236,52216.8753217152,53619.1925678774,55611.419401142,55363.5661047143,56629.9761392644,52038.6159567932,47922.6988207823,42672.1987890808,42328.8508165469,43687.7782783233,43958.5681120856,44312.6337162614,44257.6514761082,44910.334995523,45168.4982473243,43293.0203824801,43377.7858697225,43468.4586811918,39878.474427695
ARG,Argentina,10631.6503639029,10051.9448463043,8861.56199282278,9545.53194119994,10302.4465316428,11099.7509190602,11870.2791559298,12811.9021206578,13197.3570267029,12285.3784651865,13387.1553748458,14040.6189124444,13754.4254235596,13946.0950832252,13456.1319159151,13679.6264980954,13265.8860639123,13520.1129846159,13058.3285449954,12706.3978108968,11393.0505957877
ARM,Armenia,1229.21510436102,1351.12072694555,1535.20452885187,1759.64684829386,1955.22262459229,2240.09273209788,2551.43546358452,2919.3734936373,3141.33193500774,2716.97436280471,2796.08143428043,2943.83687119315,3159.75860786889,3266.29882999873,3393.09252326884,3512.39350276709,3533.88503607007,3815.3747426037,4027.83393010979,4343.45839583019,4032.09043454955
ASM,American Samoa,,,13054.6364326897,13201.7347516166,13291.5356626851,13284.2791128875,12794.7565021718,13092.3111393408,12809.4633079683,12342.0575384016,12446.3086265015,12521.8095058644,12068.2667374983,11871.7937192729,12203.0894714284,12727.4102651386,12665.2829921268,11930.7771236826,12412.6024074562,12524.0160252283,13194.274740128
ATG,Antigua and Barbuda,15961.0918359058,15003.4389169034,14968.0703013883,15703.9347145491,16433.4130541483,17301.2134317518,19259.6486517907,20770.2689732844,20464.786306605,17746.700856041,16135.397384487,15633.9091131821,15989.3900199779,15748.1952024226,15967.284996712,16077.6340769406,16635.895232831,16992.9327495236,18042.1596435727,18525.2588907167,14950.8942397208
AUS,Australia,45979.0765654048,46314.6235297968,47599.4079289312,48509.6632180363,50018.5904483861,50972.640519744,51682.8925230537,52671.325846724,53497.275355342,53430.5274781651,53768.349733441,54296.2321324814,55465.4462872577,55966.1509270561,56571.8062524437,56970.3613028094,57632.9995925594,57991.771347333,58772.7063152213,59181.2997904131,58377.7670517802
AUT,Austria,38571.0858780001,38929.753800545,39313.7225107545,39569.2885567329,40333.3307183894,40989.0131778975,42120.1557002022,43568.8302243941,44063.8642019916,42372.4758254763,43035.4073531933,44146.1956805294,44221.4599530893,43851.3675497404,43838.8345892137,43915.228020857,44362.6702805116,45056.6385912412,45951.5819164034,46550.5622459492,43428.6983137234
AZE,Azerbaijan,1504.73106706035,1640.93664540398,1782.47319183639,1949.60608417331,2111.4533834475,2674.3688564996,3556.83212858133,4412.20326117932,4778.12452736673,5118.43395494687,5300.11048729062,5149.20665913206,5193.17501119552,5425.99559780578,5508.60265612676,5500.50364628486,5272.71817141861,5229.25259993413,5261.92938234432,5346.95318604114,5087.50022783627
BDI,Burundi,264.154407180223,262.913885774384,266.968141648342,255.500823385612,258.050009115333,250.878933475935,255.105582251925,254.311725516331,256.012461554496,252.582019875886,253.308577749924,254.242110648215,256.180393931874,259.311117203355,261.296721752002,254.402585226788,258.061970808946,261.725839288764,267.508692172687,270.411005710809,263.463876356897
BEL,Belgium,35878.3153586195,36148.2880924306,36600.862592332,36826.2699296094,37976.6972967442,38645.2605193362,39371.0858277448,40520.0843207009,40380.9075004042,39293.637546825,39991.5646206286,40236.9596308558,40074.492800399,40007.8997891411,40533.9135027898,40893.804537772,41172.8862831209,41619.328629169,42208.3625650272,43006.4042308863,40769.0218072962
BEN,Benin,861.213292013209,879.854463773645,893.137100961634,896.146763201736,907.624431209378,893.91536869992,900.62053578735,926.740113754071,943.203380303862,936.565651071554,928.246655329144,927.716412836707,943.918771531001,982.399206290516,1014.4330062135,1002.41886879614,1006.03926633023,1032.90471194182,1071.50452156932,1114.17304526443,1126.65404122154
BFA,Burkina Faso,428.309796566198,442.914122870048,448.128856317091,468.263047790124,474.086412333459,499.192797571217,514.113131757062,519.26101218434,533.471299938288,533.470084831931,561.847221302489,581.603658737407,600.731343697818,616.741331164082,624.576885187665,630.124750752312,648.420480176012,669.276310328333,694.492813126351,717.021595096634,713.8421779224
BGD,Bangladesh,620.560472822105,641.288922876274,655.672139362272,676.826252046427,702.656357081873,739.203718353409,779.419570444998,825.508229964537,866.45815762135,901.729626251937,943.66422864236,995.579947155662,1050.39140404066,1103.15695907123,1159.40753475981,1224.38647668165,1299.83091360792,1373.75363740186,1462.25050255713,1564.20802445636,1604.6659234742
BGR,Bulgaria,3717.92889906166,3937.70160937785,4260.40477488601,4519.18439177056,4849.87141310477,5231.33811895255,5629.80127993005,6048.74231752797,6464.72198023576,6288.72543188686,6428.71742590538,6605.30851691027,6693.4277325127,6792.73549964735,6941.01853946718,7268.65445473873,7586.50411050819,7898.70693013652,8194.37434587757,8626.13418680372,8440.08304721192
BHR,Bahrain,25407.9694054552,25106.2869742612,24149.0156013799,23857.6403579769,23688.1121059225,23439.6704353038,23095.0181330228,23112.4888058398,23127.2148040048,22206.9371985225,22224.0736166249,23288.0449398313,23894.8804447088,24271.6278814506,24135.4991304849,23734.0551143019,23715.2791328712,23606.8867501313,24059.7838641562,24873.6640060134,23586.9309581516
BHS,"Bahamas, The",32424.7271786716,32870.0918307285,33374.602685914,32559.311554898,32444.0739567569,33144.7878790275,33541.850748701,33549.3360007274,32331.8246135092,30581.3342198488,30657.4319059659,30492.6738528071,31553.4919490645,30368.2631244189,30658.5344563722,30719.405417469,30152.1619246021,30974.7477261317,31537.2423841956,31117.6299132391,24791.6704945106
BIH,Bosnia and Herzegovina,2567.34136989735,2617.18230350812,2743.13878615838,2855.68314939849,3063.83543448936,3217.81341615345,3419.75887457192,3665.08966529499,3929.03297717336,3877.53540078456,3981.20985692032,4094.25329541877,4139.91732773657,4306.73175072214,4412.67617817734,4662.25869219448,4876.53471495633,5099.81602856447,5360.25201017633,5583.29721276458,5490.75366635139
BLR,Belarus,2615.36376799462,2753.0336970697,2910.39937484153,3137.26261430575,3520.40452642524,3877.71738911289,4291.68647163264,4682.20676719042,5177.64534775676,5200.77418555423,5616.0941173307,5941.68999156239,6052.6373706236,6115.43288098707,6212.91667418659,5967.05595058777,5811.20159182547,5964.89668834561,6165.91320019277,6267.73508743505,6251.98898968645
BLZ,Belize,5663.64632374973,5764.99055491104,5895.15235037898,6274.47428279313,6383.07432412662,6337.12389222378,6435.58767337678,6465.82885846045,6187.95885023655,5997.68447156383,5937.75398343789,5802.24344531492,5902.74234696881,6013.07879895362,6116.49578852783,6154.62264230369,6012.21296983668,5767.61921963762,5707.61059954436,5864.14611827109,5006.48453276935
BMU,Bermuda,109502.763102809,116809.925253071,114574.433608566,118018.831592635,120432.12052555,122143.799577518,128662.931924261,132595.482654866,129525.177139097,121727.584908744,118382.908990645,113937.835700983,108040.575659203,107860.394791964,103941.982606956,104855.366822135,104190.876720334,107734.608357327,106843.163739391,106709.881238843,98999.5076617935
BOL,Bolivia,2014.19024658446,2013.84581083123,2029.66993638623,2050.07133411879,2099.990810637,2156.18670325307,2221.42722587103,2283.4273357151,2383.2503257823,2422.57579390007,2481.40700850945,2568.5205166368,2657.23884915853,2793.51457098676,2900.90241586338,2996.01289811344,3077.57057564766,3160.16421228968,3204.53670819124,3207.3869521223,2765.0927177231
BRA,Brazil,6817.78345634413,6823.0331851176,6944.62257593723,6941.43965883253,7258.78101654079,7409.56827992249,7622.03919432148,8003.2532101272,8330.76364001877,8246.09612122851,8792.63334959864,9067.99212019529,9167.49818450433,9366.73824670239,9338.34170840985,8936.1955889444,8577.84277969667,8628.25209645723,8722.33529970988,8771.43950372603,8435.01046209185
BRB,Barbados,21523.3992235883,20985.2828573064,21012.5595449081,21338.1720739511,21516.1662922098,22250.0263806215,23487.4418767503,23862.135352962,23887.7289633459,22572.5926053677,21982.1839041348,21842.8635599786,21036.3003366556,20609.6076272963,20713.7670210437,20424.2087530019,20684.7801825176,20788.7046543161,20483.9550976366,20494.3871602646,17519.837062872
BRN,Brunei Darussalam,37509.5983847742,37269.3099216587,37976.2627573601,38595.1688513702,37948.6590825194,37312.2778797122,38229.3565684183,36174.516515486,34126.6941563969,32855.6021602466,33121.3178241724,33754.3640783713,33544.5389457877,32381.0739795231,31148.7297405401,30625.1287744656,29492.4145927789,29524.65912789,29200.1952024222,29996.2407223175,30015.9588506697
BTN,Bhutan,1259.6237645235,1321.09878230279,1427.25693317315,1506.4152751782,1552.73915195801,1632.02169500573,1701.11878173586,1952.25734603779,2017.76018913403,2148.56480375034,2378.72810760985,2552.48871073094,2654.74798946027,2671.07460201171,2797.81883971908,2954.04081911097,3173.36773217431,3211.80903275593,3300.55006461736,3467.38598979356,3092.12428399363
BWA,Botswana,5062.64289173588,4971.96371794188,5175.47655317231,5320.440295139,5369.42516766112,5514.21742664705,5865.00026521361,6085.6354476126,6158.61629368051,5179.4138607146,5584.5034321846,5850.07858575461,5742.91924452636,6284.97678002618,6547.12254115892,6141.20394726616,6490.83463593483,6662.57644805467,6843.84612027739,6951.73189051146,6254.24806241091
CAF,Central African Republic,437.168928414826,446.658634192083,452.808702217035,418.240532289858,433.825227770233,427.968043155237,439.294330902768,450.762785401893,450.313616886022,492.215398914836,519.141456408484,532.38295493852,553.729578314912,349.821171688973,351.561554911625,366.322853938121,376.858254120398,387.35795131742,395.020015455909,401.82582161435,398.834274122139
CAN,Canada,37906.8601321366,38200.456120621,38921.6673033743,39270.0234577749,40108.7587456658,41006.2229523971,41663.5123057295,42106.8724378248,42067.5687072607,40376.4153847836,41164.3399119626,42043.6419795513,42320.6431330726,42851.170527104,43643.2356440047,43594.1941045394,43551.3425975115,44339.3886689254,44907.3436912123,45100.2915069262,42366.1285377884
CEB,Central Europe and the Baltics,7450.86082262,7730.94875575432,8057.22231935461,8405.63159028509,8923.85904704259,9387.59188976247,10036.4787965852,10712.5543317673,11176.9879548804,10792.8296963649,10998.6534832885,11421.7332703753,11544.5427262519,11661.9769238564,12076.1572564969,12596.8862547468,12991.54601565,13696.463585633,14411.9811999448,15024.0127296269,14621.1363727276
CHE,Switzerland,73749.9389517966,74439.4637644735,73824.3849167809,73254.9529864219,74718.6836260364,76282.9840696619,78893.8078199046,81254.1701015272,82481.0680560935,79585.5216989959,81315.4228307049,81874.3362425008,81964.8864937809,82479.9215677304,83394.3712888211,83806.4476003837,84611.0998672721,84967.5886498224,86756.6022327472,87123.6604234257,84637.0132935333
CHI,Channel Islands,,,,,,,,,,67617.8205403696,64722.9832990297,65006.4871287216,60861.9006460501,60780.669022098,61892.8083445708,61847.8212238857,62434.1859444218,63393.3938698644,63859.9826096615,64594.5213908684,58636.7036143365
CHL,Chile,8465.35303258864,8632.0148244056,8810.69052712257,9130.7842621819,9642.37478651228,10104.4208391373,10611.6144012877,11051.3450717678,11356.0922105983,11116.4093443103,11649.2897090856,12252.8441074615,12882.834417927,13182.7329619856,13285.9540361192,13433.9202987032,13505.097711133,13473.3458532934,13763.0068844795,13630.5935435578,12679.024004022
CHN,China,2237.44298500334,2405.89396743215,2610.72960252379,2857.0373538115,3127.86276523632,3465.81734409951,3883.35412942474,4409.75700836878,4811.47471804961,5237.76666540352,5764.86534987407,6275.90956436258,6723.19443752823,7198.06876478162,7686.57792954381,8175.33285077393,8679.37704460133,9221.51403820573,9798.6528523316,10356.4804194995,10573.6420059282
CIV,Cote d'Ivoire,1717.95385651231,1636.57318705218,1551.27925902838,1441.58801755037,1451.86547141894,1431.73320203111,1437.77453798586,1420.1738958245,1454.62731800082,1473.9183699329,1540.52927270246,1426.46463864534,1503.43433046682,1632.32712787006,1742.53693001178,1814.71855088017,1889.27777949938,1972.81431788947,2013.32307598499,2093.09994335779,2055.08483996432
CMR,Cameroon,1151.27689302947,1169.92670464984,1189.96707897027,1221.09446141454,1271.74326874167,1264.74345218659,1277.32990712342,1295.73067471287,1295.02211276052,1290.89961351149,1290.9013745759,1297.3064962694,1319.66961634054,1347.2130636706,1381.81938454907,1415.00009710569,1435.61830727839,1444.90682916573,1461.01969999317,1470.31785276187,1434.51913723409
COD,"Congo, Dem. Rep.",339.52682222392,322.033920024307,321.547848190451,329.709536540469,341.714925751419,351.708486411683,358.454382275579,377.437143095814,393.331182464822,383.515898271062,400.619567973092,417.130434045991,438.406058243633,464.526715460494,481.830241883776,495.826633014883,480.461377880475,482.854682128541,495.312105711027,482.524295129472,470.852950000929
COG,"Congo, Rep.",2057.01922023551,2056.16505922617,2100.16876714574,2058.88683675038,2058.88402946896,2140.03686200251,2226.0233547376,2004.10103961966,2061.55829880574,2211.31572382028,2332.28508055953,2307.49384399715,2467.06102906839,2390.65754938662,2488.68118548992,2439.35189403696,2174.19310251224,2003.27121075187,1909.9560382117,1885.51080877731,1725.51040049963
COL,Colombia,4016.80951748167,4020.50789754842,4058.28493578738,4154.17528523618,4311.91591255233,4457.27537460443,4694.03442939175,4947.25260813108,5048.57187245249,5046.97121757727,5214.24547620131,5517.1011086899,5675.75617978305,5910.80592301166,6121.83982019825,6248.51490534512,6316.07067782542,6309.67745292518,6353.5464285392,6439.96359812647,5891.95523215403
COM,Comoros,1150.82840106354,1188.50107049357,1217.11501559943,1216.98036712949,1231.14746798849,1274.6143662974,1227.24636392125,1212.69629084896,1235.97247187374,1250.90035344227,1272.60650664705,1299.11099021922,1313.5812493744,1343.5451171047,1342.32802421364,1329.37048235986,1345.62555739306,1369.41038262485,1391.84620461012,1389.36430643805,1359.70624686714
CPV,Cabo Verde,2037.31720912714,2051.21733888102,2127.70872296502,2186.89500422765,2379.79636224135,2514.16779255327,2683.83943856892,3056.97102851154,3238.44159287498,3159.58698693977,3194.61667734233,3309.20121643898,3341.7421054836,3361.09387702205,3383.8422809791,3415.06266730931,3560.1400729534,3719.71306047915,3853.67940035241,4115.90283469406,3255.93628984058
CRI,Costa Rica,7726.51985682031,7854.2339580182,7989.55926102157,8207.45746763047,8445.52914945791,8655.33965418585,9160.29437453236,9779.51149389818,10104.9092039691,9883.67567046297,10285.0856660419,10612.4694861141,11001.5192856576,11151.1437869768,11422.6735793176,11714.7105980732,12084.4351325634,12468.5654531709,12679.5253643016,12877.650101079,12242.2098908533
CSS,Caribbean small states,10510.8694258103,10648.8703596983,10985.8632347623,11563.3614779162,12014.5670017555,12638.9654635453,13550.3562471238,13982.598007093,14130.2413806317,13578.6986655384,13743.4073853565,13773.5645177114,14236.6654344554,14333.3457750583,14605.7774648313,14497.5393236017,13963.1395387692,13780.3075342487,13815.7947601283,13825.4223050228,12531.5018423504
CUB,Cuba,4112.26168350671,4229.90309433356,4277.39565642359,4426.96599591833,4670.18802138025,5182.35283601732,5799.41163668615,6215.76603727772,6469.08507847668,6561.25305093006,6716.49048497058,6902.16397571139,7109.24834185635,7307.82004410741,7392.48324633027,7727.91997207998,7774.0698462623,7927.27769431767,8120.43123558256,8124.75282059108,7252.28811179844
CUW,Curacao,21523.645846078,22171.0654932071,22231.8792561824,21840.8912647914,21512.1115522523,21112.3218717015,20913.6629896021,21011.1570121301,21202.4304610307,20952.8997952543,20706.437408421,20518.0985782641,20277.5112566223,19921.4771792975,19529.5285930905,19361.8129630226,18953.0538552203,18651.4796966993,18355.1765793615,17980.5297947929,14849.9696941839
CYM,Cayman Islands,,,,,,,96066.629965728,96202.7389296237,93115.3176374189,84001.4219797545,79483.0963975025,78233.0182694571,77074.3886285602,76038.8787807923,76104.621790038,76379.2098777987,77031.864216869,77717.1760762284,79305.7692066005,80714.5721513481,75199.6446248648
CYP,Cyprus,22383.96484375,23019.25,23604.189453125,23930.783203125,24799.6484375,25631.3671875,26395.50390625,27156.818359375,27449.2265625,26183.685546875,26090.048828125,25538.78125,24285.49609375,22711.71875,22373.578125,23088.44140625,24477.986328125,25666.00390625,26962.40625,28167.16015625,26895.68359375
CZE,Czechia,12543.9364342367,12958.4667607533,13179.9878092741,13618.9349633164,14259.63342798,15147.7214417611,16107.3042502688,16892.542854974,17190.6470333289,16272.8084766719,16665.9317825137,16926.2846674435,16772.3539223328,16759.7808635642,17118.0425571578,17931.5987670768,18359.0978103904,19257.6930680911,19736.6295261285,20360.0599221814,19233.1469549829
DEU,Germany,35104.1308467844,35618.5143698493,35477.5151544301,35270.0227284267,35687.6378708542,36024.0947047021,37459.261328042,38593.0749910508,39009.8477636357,36940.4078672661,38526.7371042695,40722.4849268242,40834.5088218456,40884.8926759028,41602.4661281668,41929.7549110722,42516.9337063103,43543.4807050551,43905.8550061973,44235.2658954682,42372.8726784255
DJI,Djibouti,,,,,,,,,,,,,,2140.13769442336,2253.14082249768,2376.12554719873,2502.85181449431,2596.45134698268,2677.1650334451,2781.94350113484,2773.40661780097
DMA,Dominica,6879.59737273918,6897.65674086518,6676.97271467957,7047.66189595946,7323.8530008275,7381.74728529453,7698.53701483824,8106.18951878325,8682.57378179773,8582.71481435718,8574.27308682238,8553.8384670104,8532.34388117289,8459.6586988024,8576.26367623609,8282.59874702141,8499.52291903149,7985.6341102129,8261.16492553236,8624.51695993537,7302.94454951254
DNK,Denmark,49266.9882757886,49557.1509962227,49624.5965359582,49708.0909084109,50956.3045398814,52015.1841169021,53823.1590295482,54113.9771471341,53572.5346568185,50635.9118061988,51209.4492757775,51667.5313210425,51470.689845427,51970.3909324806,52368.3625969272,53094.0133607574,54300.2039621991,55601.0145717787,56355.0733084714,57114.6227336347,55934.5555945523
DOM,Dominican Republic,4123.10573163115,4158.98430282429,4280.80182397408,4162.66686117661,4212.01044121773,4549.24957008857,4904.71715839398,5204.78500652254,5308.92664966814,5294.64953374426,5666.45633430206,5773.57403459156,5860.29893321013,6075.03399972737,6430.27811051339,6800.95309395474,7177.75376475488,7379.39978067137,7818.70593240469,8117.04639185786,7395.8734262396
DZA,Algeria,3553.32420521991,3610.00605631983,3754.66081538446,3945.89816094007,4066.28204806495,4223.60252133943,4279.61547120827,4339.25055772831,4367.56538017541,4336.10054052949,4456.6102741643,4501.3543013352,4518.43978956464,4543.23444006767,4634.10149179952,4685.05902729002,4768.73140081027,4742.90075532529,4717.0035885361,4672.66408678635,4363.68533767783
EAP,East Asia & Pacific (excluding high income),2132.39099441931,2259.8145439145,2422.47283050058,2618.81249841519,2835.24719161171,3095.23156174672,3410.6740869072,3805.17838200242,4102.12956719619,4397.68279304561,4797.24821906567,5168.48039467882,5511.82607552871,5864.64068313952,6225.65318734608,6589.77076427462,6966.47191689918,7374.82622244547,7806.58513374745,8220.71036562155,8293.69666986026
EAR,Early-demographic dividend,2158.8733767333,2144.69783734623,2143.67588181876,2211.95868741619,2312.5110972536,2409.7524782084,2515.60216032263,2617.61581534939,2666.11094569761,2641.46036980411,2766.88281699468,2859.22240884783,2935.95209151149,3010.1988692938,3087.28170907983,3174.36962020929,3261.99599812662,3365.65570800726,3444.80737958553,3480.18904220698,3290.1946903817
EAS,East Asia & Pacific,5056.47338479158,5177.21850451068,5362.11003612717,5585.29422036513,5869.9841240498,6173.52773117604,6524.30999120138,6959.65968932647,7213.51487084263,7350.03477529475,7855.36234558956,8223.35669138572,8581.48213952296,8962.78821401788,9321.66592840668,9691.70576095155,10071.8615358636,10507.3446728598,10945.0220958063,11328.7206349245,11276.053700591
ECA,Europe & Central Asia (excluding high income),3231.4170375726,3219.6524005977,3410.62468197803,3619.89726149943,3949.57993189741,4268.51101428285,4598.69648089427,4915.72250440104,5034.07810862034,4821.30871859383,5123.22527224197,5504.86405202366,5682.17981048522,6000.41396490137,6136.90314013433,6291.45594655745,6409.4471148702,6736.23791731628,6930.30071694301,7046.99611203784,7016.36291211506
ECS,Europe & Central Asia,18477.5285403385,18863.273716802,19121.7872126142,19419.6815424207,19978.690365054,20464.4783927706,21196.6642243836,21916.84687082,22052.0918924998,20991.3574844148,21465.351630475,21915.6417726438,21898.7575895315,22004.7529248863,22338.7450304311,22702.8228380066,23032.6152966065,23622.7656806191,24037.6040282064,24389.8062444924,23034.1354718301
ECU,Ecuador,3953.39879728357,4049.0001889951,4174.89793579965,4220.21298466638,4430.23717984188,4589.32849203452,4706.98056823816,4715.30359842555,4939.90215021789,4909.33681705683,5022.20374387205,5359.45724615639,5579.85624282158,5893.32172683036,6055.04172761485,5976.1596805651,5849.13587933672,6104.27253521751,6063.0956178776,5971.38938386723,5355.68934196443
EGY,"Egypt, Arab Rep.",2458.60835003016,2492.03441188721,2498.48121191713,2524.80477192682,2574.42341789124,2635.70305227819,2761.62410769792,2902.06559804963,3052.21297844721,3135.09661303014,3233.84521246786,3222.37650111856,3220.99194203067,3216.3783902629,3235.66246235257,3306.98159414141,3381.22246306207,3452.90961245539,3568.63966286161,3701.2446345188,3770.86947867421
EMU,Euro area,30853.1385054093,31423.952566199,31566.1273129298,31628.9508530599,32179.5603833867,32577.2810721025,33499.6140523812,34325.8913160023,34294.4150107331,32645.5191413239,33252.3689886555,33906.6275617053,33522.1754688076,33413.4989986022,33841.6103940756,34471.1747135027,34995.0723160118,35842.3298274979,36369.0726205231,36891.7993038494,34608.4614772745
ERI,Eritrea,845.132430060544,893.268735439193,889.009113592982,830.379672282601,808.591420184592,809.794793468889,789.402432018085,789.072701743247,693.398874212494,702.430936480778,703.877374381654,751.374899794668,,,,,,,,,
ESP,Spain,24106.8818529374,24878.3784543991,25205.3154769045,25481.1653690112,25825.3106463315,26294.447384391,26899.0921497113,27338.79541774,27112.526293889,25860.8142592652,25766.2515825743,25510.5579678829,24763.568274484,24498.5559507945,24947.8512505913,25982.4416197775,26719.2442268615,27426.281015093,27956.7225466484,28301.4393949563,25077.019882928
EST,Estonia,10006.7696280939,10662.9455020331,11474.6622721923,12424.0441535693,13348.5284463324,14703.6179707772,16234.5152041417,17543.4661785723,16688.997772178,14274.8511086787,14657.939813612,15820.922342204,16460.6843479001,16809.5326683781,17413.6867560212,17722.1557669523,18264.9873304279,19270.8141210511,19914.3454922878,20579.8756732376,19946.945696898
ETH,Ethiopia,247.505413659694,260.04231608135,256.066635883709,243.076666020009,267.923513391712,290.833381425059,313.013896721503,338.799064654308,364.642208155735,385.632419711374,421.898622378633,455.909628648555,481.639999909808,518.324662208106,556.362532243867,597.912113218663,636.835680951429,678.98541915757,705.96881207336,744.702789753973,768.705424485209
EUU,European Union,26365.798677465,26899.8795099661,27131.1149025351,27284.7276136716,27885.7681519653,28334.7590973938,29246.6456488849,30060.1943726362,30144.6515730515,28771.7357026131,29352.9442515094,29974.1521239011,29700.9011811145,29667.2033330658,30117.8841825355,30771.6568591261,31300.1591558827,32135.6624693296,32719.1711480652,33289.4352232777,31435.0353450837
FCS,Fragile and conflict affected situations,1295.212123623,1317.2785211913,1326.84891113816,1297.19104055081,1417.38633890673,1470.03208126605,1523.62890028503,1581.88537303272,1622.44441895788,1619.06372938072,1676.97481416998,1643.76876493197,1694.3739229428,1708.69932882823,1697.58810951134,1663.16200127279,1634.41669597359,1619.44767158323,1607.410665042,1585.23602922322,1435.4620668369
FIN,Finland,37872.6020343504,38784.1308115726,39343.0698997627,40038.9839702277,41521.962874476,42529.3506920884,44069.3958834717,46213.6898975737,46359.8732844055,42412.5133513534,43556.5385834368,44391.4535667984,43507.9345371578,42883.6384986417,42502.4880199858,42560.3456767103,43529.6761616969,44862.220404205,45337.2409550575,45898.5708448954,44690.9801103074
FJI,Fiji,3960.8890315,3998.79729208867,4086.10434130578,4087.72449101023,4264.59723774177,4255.45097421847,4295.40679748345,4223.44800626708,4240.77265686858,4164.29314800857,4272.359150902,4375.5808542034,4427.97844455038,4630.35126544718,4883.24300436251,5097.53106864695,5218.85823412748,5500.67840152349,5720.21447177109,5701.10435269432,4721.1228189763
FRA,France,33255.1379642335,33640.6738002565,33753.5782979758,33840.6175720101,34557.1471111581,34946.0372494703,35645.4162427116,36322.1685141004,36257.3658930938,35052.8510772683,35578.1968010183,36269.9561530888,36161.2918253465,36256.086680981,36444.3949089146,36702.4323733379,36920.5342846914,37580.5979329356,38062.4435961412,38705.2072940618,35709.2045925926
FRO,Faroe Islands,,,,,,,,,44623.0315871975,42378.2165335393,42333.5215714088,43946.251738291,47303.8655939098,50120.7530887167,52644.7898999399,52637.1903526574,52757.3960429144,53831.0294952424,54433.5931539501,56029.4991512974,54301.6594145787
FSM,"Micronesia, Fed. Sts.",2724.42245620978,2766.08612139035,2776.29556090642,2829.3364363568,2747.87981611358,2824.41492288117,2836.18187521481,2808.83168399832,2759.97734131572,2815.59835156937,2884.91733583068,2989.68205288365,2933.79998441501,2819.90328917215,2740.01667828088,2853.07643587028,2870.49424845266,2922.07246225843,2910.6935304708,3019.25086619614,2951.77114318964
GAB,Gabon,7596.09970650519,7556.76995314898,7338.75620613605,7301.67154442842,7148.98713447497,7130.22505771754,6724.08148977274,6908.67399162999,6468.38523357609,6264.83611480154,6481.49612073562,6699.23394606512,6803.22668079211,6938.25753862236,6998.60545439576,7047.12654634355,6991.3251446736,6840.05959347802,6724.5961429108,6817.56879468764,6534.27966528997
GBR,United Kingdom,39297.1366317267,40082.1359356822,40594.932929345,41706.8303930126,42434.8209023638,43320.5628684438,43944.9985799069,44882.141312304,44508.2874631479,42146.5095879962,42762.720840223,42791.0934313474,43136.7006795996,43585.1936238647,44627.8818268644,45255.3449216209,45888.0105130748,47018.0254757676,47514.7763693453,47864.7588712634,42982.4631007642
GEO,Georgia,1561.19867638847,1661.83019106421,1768.5970116888,1977.46143338741,2105.00472843799,2321.60084285163,2554.81253503914,2891.13702331846,2970.15858282428,2887.25607935922,3090.06513662318,3362.1030031968,3609.780798626,3806.50600649051,3960.35080091901,4086.6223465965,4225.09154904806,4442.50744127374,4713.65354845303,4975.81148194814,4659.60925318234
GHA,Ghana,1022.27520714566,1035.22666053257,1052.46591644399,1077.69990866645,1108.30475353633,1143.31178934301,1185.26570738595,1205.31705804209,1282.63416886747,1311.63053760125,1381.2279503506,1537.81834019283,1640.54072088003,1718.59704769958,1726.36930134647,1722.77282833606,1740.81101902928,1841.44636153249,1915.4532323781,1999.55372220211,1970.19411460398
GIN,Guinea,614.137235083638,628.320554864936,650.554963973291,644.071217908894,645.182843390689,651.359606871604,645.472001923653,673.698997420626,684.775780377366,660.756701330284,675.736917327708,696.199991395571,719.505916794546,729.833143236326,738.272274481308,747.356966759448,807.236421043888,867.907502577607,899.907328045175,926.42221954853,945.570903389665
GMB,"Gambia, The",659.911237641141,679.539755947951,640.03893213613,665.834222326194,693.563314497133,658.676285443081,636.596026908866,637.20930597537,657.675679192228,681.433469086571,701.014524591061,625.464360270983,639.139881889048,638.522368532214,611.879472952196,619.536364296461,615.193365494386,628.777299272925,658.127833258563,682.797642940426,670.758642891251
GNB,Guinea-Bissau,571.094015178625,585.837980688333,594.040535151552,579.092506821836,572.526464627294,595.94255560187,597.257151722046,597.482020935948,608.958620496925,608.202131879882,625.904027290582,658.953470528116,630.66862302825,634.095456089352,623.610159103365,645.066837207039,663.242608032005,677.466131311367,686.456819839526,706.298562874985,710.275129060129
GNQ,Equatorial Guinea,3839.08642737128,5882.85050306586,6604.00546310809,7082.65489186921,9208.60566707162,10212.4545051498,10521.9996774827,11594.9172068456,13048.0703050168,12627.862381545,10984.3243932426,11203.9073679091,11650.7196270884,10731.6455729191,10363.4872473549,9068.91003238645,7971.83401904573,7259.10936454803,6578.90039765711,6018.12066321865,5575.26241511492
GRC,Greece,18002.9064613985,18742.4235780691,19548.3677447396,20632.2557041942,21688.1050959558,21880.5265835801,23220.5324419197,23973.6936091313,23923.8800731311,22878.1346644397,21547.724178239,19448.255802525,17924.6620496886,17644.8766635021,17903.5252440012,17980.7298238137,18049.928997892,18352.0884461258,18769.0389621976,19216.6759579785,17486.951333323
GRD,Grenada,6677.1265230922,6509.51660313374,6707.36873532777,7309.78547094579,7233.29494434962,8162.91232124727,7808.24358323434,8257.36225682689,8307.49221491819,7733.12990600058,7670.71165827663,7695.37616017287,7559.5628483956,7688.75297701343,8206.62862112333,8694.12438005692,8983.68397337899,9357.40728883583,9744.16919577204,9785.56040240592,8413.28335500372
GRL,Greenland,31623.0591501943,31914.1710964481,31483.6074780094,32787.9680355213,34961.9356097257,36681.8055890619,38828.8524943222,39896.875364094,42527.6668469766,42899.7441985862,43481.5161087805,42994.8790874739,43655.7004664255,43338.3839246907,45545.1429414917,44536.3549705377,46561.7831434013,46597.9452470348,47012.9860350276,48170.7896955512,48169.9406957389
GTM,Guatemala,3165.9323746889,3166.20351297452,3213.26837369582,3222.15468293683,3250.20406037693,3284.80971612832,3388.15003339926,3527.7782721364,3569.92861121538,3516.19227725255,3546.6258162259,3621.37409769184,3655.57315791242,3717.30462628413,3809.61587570091,3893.50533299068,3924.77894837098,3972.74057836068,4040.2121371198,4139.12203836307,4005.83911593999
GUM,Guam,,,29576.221681311,29685.9531745657,31483.8141949558,32520.3729565352,31242.462900947,31385.0475162113,31941.2706025874,31988.7229358255,32644.1484056205,32665.3787483379,33404.9317636913,34044.3190415455,34755.2691107298,35165.7014644795,35373.8483143417,35850.9025520506,35731.2203743081,36830.1264410973,32884.8852646787
GUY,Guyana,3759.60789699989,3847.09461851367,3894.87107415198,3873.04123684261,3937.11435304522,3867.93308158647,4076.77981715707,4382.10449666813,4472.34517889699,4649.34144792756,4860.09110980566,5133.89539813637,5403.79899428921,5573.3421790463,5635.71704117947,5640.41560569466,5818.61682204646,5997.18271426826,6080.90612132746,6278.63054079553,9010.61000469878
HKG,"Hong Kong SAR, China",26933.2377453994,26885.4284833926,27210.0693480769,28097.108881817,30304.3126863152,32401.3907659685,34458.0498746756,36371.6859370268,36924.0883854556,35938.5902369431,38090.0213994329,39656.3392885062,39887.8339456509,40959.9813033996,41796.8681867763,42432.1619740441,43087.5455578429,44380.8100340362,45280.5079891951,44195.2768644431,41451.2981131333
HND,Honduras,1789.47798512637,1789.18816032117,1807.97305547292,1842.29750018813,1908.90950050464,1975.85647913236,2056.53491469231,2134.19540639485,2175.14709403064,2076.30859895638,2108.47314459603,2144.56265540491,2188.39378817891,2205.40126728067,2229.24772232218,2271.20265980349,2315.72983058198,2383.37398439714,2430.13503657762,2447.61649282181,2189.43168668222
HPC,Heavily indebted poor countries (HIPC),679.180241236318,685.314051709361,691.889343076378,699.033702737859,718.761366870826,737.272732422018,757.521668994488,777.28450144481,798.444777244499,803.144160263683,829.378145273867,843.531584159094,853.586116932267,877.826285990185,899.664821616374,917.296109229181,929.831454420103,948.559641481731,960.452334962383,973.374706001474,946.680806659878
HRV,Croatia,8880.26980689876,9515.73569793698,10062.0396800621,10619.3078243865,11059.0980614364,11522.7905248265,12104.0421469867,12717.9875997872,12970.4376964616,12099.5521781656,11965.0049285028,11993.0713179162,11780.4742767284,11838.2152450357,11862.7609491821,12283.7840620053,12848.419539107,13485.3012514274,14060.9874833125,14641.663970693,13545.4881162417
HTI,Haiti,1342.89490450523,1314.11419693969,1304.5293810385,1326.47161042212,1286.90282128221,1304.33303731231,1305.03813815611,1343.61111422048,1356.53400140048,1412.89653523429,1317.58389339746,1369.16921255852,1354.88546124499,1392.38204736859,1411.76834802154,1411.12684746796,1416.74881879698,1432.67228609541,1437.35251928349,1394.42114071112,1331.69778506932
HUN,Hungary,8979.73578602949,9365.95393193015,9836.94065083321,10253.723920764,10786.4881991495,11272.7345428122,11734.4544729813,11791.7074416876,11929.7209867703,11142.885928524,11287.3686666108,11536.3578996772,11440.7622718825,11729.5720798501,12287.3779441033,12782.9412577973,13145.6559885563,13734.2442804335,14533.7783144312,15290.8085466331,14664.2971195385
IBD,IBRD only,2749.80831717138,2816.38977629068,2910.20278298267,3047.64543408152,3247.0612433535,3445.04385258554,3692.82779557534,3983.15719895369,4176.83978299189,4249.10322422767,4532.44068726031,4770.23592201554,4976.44743175894,5178.96430999103,5369.52452689677,5546.04775275526,5737.47076646059,5977.69739757901,6214.51417284405,6411.71326335692,6286.40775617083
IBT,IDA & IBRD total,2339.75101446893,2390.57985292545,2464.90323602782,2571.74673053759,2729.87046222028,2885.28754662659,3077.74191466409,3301.24424278247,3448.17245200466,3502.68472824197,3719.8597539937,3896.56523344649,4047.32325168607,4201.8456378006,4347.00390778606,4474.43525326247,4610.83755480503,4784.65501107103,4955.36761741777,5093.37981842859,4971.5872211169
IDA,IDA total,899.61428305683,913.556204734526,940.32537147169,963.438932636273,1003.9852047643,1041.06280109594,1077.82305096995,1114.49335203344,1143.00694096765,1172.44269252611,1216.18056240843,1238.54733221968,1252.842684541,1291.78901874009,1333.06862092098,1350.30758062231,1364.45810556663,1388.62153707152,1418.00708422156,1441.63139770219,1384.63983352976
IDB,IDA blend,1294.78635186488,1311.16206592853,1360.4889922868,1387.37333221866,1452.76112133181,1501.63150824282,1548.60504186971,1590.6428814843,1614.19473989247,1665.56682453196,1720.09334929676,1749.06036275665,1786.6430670936,1848.24174811877,1914.26316168169,1947.85246838642,1953.37240963399,1968.31540790627,2003.84851119473,2023.85818922165,1918.37984704312
IDN,Indonesia,1828.10265968361,1868.59172307292,1926.37435868149,1991.91820506473,2065.70617470842,2155.4478015921,2244.0802226202,2355.1528565328,2464.60193418272,2546.21969707767,2670.8129098953,2799.62468790318,2930.518445323,3055.24246006469,3170.72103011429,3288.22269725538,3416.81005170972,3553.51999262321,3701.32155461912,3850.90321738979,3739.44906563161
IDX,IDA only,688.770584647754,700.753432922257,714.992762414711,736.012835320929,762.575661839901,792.915050928441,823.90017446983,857.07992787155,887.590717483649,904.189618538802,941.170103265961,959.3674453315,960.714392094918,987.02078318094,1014.81643854082,1023.43894668408,1043.11282497367,1073.15500247042,1100.05510569349,1126.69021132065,1096.83173371503
IMN,Isle of Man,46274.9709691403,48252.7638498277,50714.5824703383,53224.3527757804,55464.0220993356,58201.5990838178,62075.7601604994,66029.9755907183,68520.6825624937,69192.0258221691,70747.8417587183,71727.5055082703,77009.2978612012,80383.8273088527,84778.5806639347,84753.5187422732,90783.7647245394,93200.3108083857,95040.4061748938,95110.1385990737,86595.0676099275
IND,India,756.704109527449,778.507377528365,793.615912906381,841.278894571674,892.596614581612,947.732565646672,1008.23275343783,1069.24696813025,1086.50605251513,1155.10163274172,1235.15939133951,1281.61054354933,1333.09626557668,1399.4537980287,1484.31640682913,1583.99815907985,1694.46534973825,1788.69770318446,1883.35772705062,1936.03067741067,1806.50110583878
IRL,Ireland,42599.4803921319,44151.1536032557,45974.4881988842,46594.8620267616,48856.3238587396,50547.2123729763,51656.8194855887,52849.6948429458,49461.1594281353,46466.3794269222,46991.6464673949,47539.9181739968,47147.1604669421,47928.0346487005,52044.6201181887,64250.1385181257,64205.979777351,69748.6221034014,74029.0550611436,76485.635854651,80927.936475395
IRN,"Iran, Islamic Rep.",3885.30183360649,3917.29935489016,4198.95356080727,4511.43134034458,4607.45169088209,4650.35841490708,4778.7934584732,5084.71796043623,5035.94008533618,5023.89314362941,5249.06133369759,5321.75870744453,5058.64637811835,4916.97291948475,5093.20319702187,4952.73355532178,5312.61724954192,5395.2398398598,5127.22495367018,4952.45669081078,5132.82430762118
IRQ,Iraq,4172.78025105244,4116.09405320279,3660.92527507177,2250.06990123369,3354.26588756715,3310.86344473993,3471.98744698568,3565.58054079041,3781.78001712762,3768.17284328983,3881.94327045302,4030.01686860986,4387.90469058707,4504.82687537354,4446.97343234862,4440.14189252367,4932.9272911439,4736.32710809857,4749.00921836896,4898.14897652265,4213.99843766061
ISL,Iceland,43472.3369863945,44545.9822640262,44389.5560505836,45088.9225976672,48101.7116286153,50674.4411254865,52306.1284689188,55457.3601417561,55360.8136015347,50581.0846203691,49528.4864575422,50058.8302502676,50375.4116888351,51696.0876528983,52102.5757919438,53505.6964079339,56049.2928648152,56657.9800285572,57731.6523401884,57118.8452718755,52464.3072858637
ISR,Israel,29413.4894578106,28808.1300136037,28195.8676389139,28092.6176251486,28883.247588548,29623.7172812577,30734.9619835354,32103.1628576567,32554.0413211945,32178.5727387015,33344.7213294093,34540.6749784398,34738.6587001,35489.5086561247,36129.3146105805,36213.1041481958,37093.7879065422,37963.0491190696,38729.6426036983,39407.2016076709,37935.5432717179
ITA,Italy,32609.66746283,33243.599343976,33267.4474482048,33110.1698494812,33348.9744820456,33407.6754716472,33873.0493680093,34159.9109244074,33550.6340800063,31587.0638416305,31928.5543621096,32039.5032494316,30953.4147447427,30330.0221599668,30325.0287793923,30639.8829751432,31077.6792675211,31635.52277108,31819.3971830067,32180.4341017428,29469.7989238626
JAM,Jamaica,5197.39692210665,5234.02744397806,5305.87658697244,5467.17406988236,5507.20135110043,5525.73577833713,5656.66803579988,5710.53878446758,5639.58974873397,5372.14234169511,5271.57221477938,5339.62170188798,5284.00852557589,5289.88438546111,5307.19165380801,5339.30718256806,5472.28314023034,5586.1365723133,5717.87621107532,5814.79275311692,5317.84145033966
JOR,Jordan,3412.07673213708,3518.76635312228,3644.62434644332,3713.15193593268,3935.15704743447,4151.61313015439,4209.86864014361,4287.35229821209,4489.95545537311,4615.23067817324,4621.5742854131,4631.67703841605,4677.47613977192,4556.52023716712,4282.11872849239,4042.75678097555,3933.14704611068,3940.70199181145,3928.77026821205,3919.06426916073,3806.87949354914
JPN,Japan,31430.631130325,31476.0520665746,31416.1241772309,31830.217584972,32515.1158024695,33098.5474664881,33531.518563066,33990.0360341367,33557.6454041595,31651.0837739562,32942.2020783835,33011.1342301291,33518.4449368599,34239.8862473488,34386.9058552671,34960.6393843385,35242.199377148,35861.9728545672,36138.5290824814,36043.7844013518,34642.9718743239
KAZ,Kazakhstan,4269.33016782791,4822.52862802669,5267.6990320263,5724.43199248054,6233.29439373307,6787.4115548789,7450.39687062615,8036.87599811505,8216.52181589585,8218.39912556048,8704.70655484556,9223.3021336315,9531.91477617058,9959.72586930534,10226.7100539683,10196.1226255982,10151.423313302,10404.2718646317,10670.2120148279,10989.6840718388,10565.0359816235
KEN,Kenya,1195.41296851656,1202.29348759987,1171.4262517349,1169.14433674051,1191.25443604556,1223.44738472019,1263.54164666211,1309.91092948216,1273.77226103073,1276.73503486074,1340.16467408856,1370.58000874482,1396.30178709756,1413.94142522583,1450.59338202277,1489.11959777284,1517.97796057742,1542.33773973372,1596.69045914945,1645.70961777862,1609.33414078281
KGZ,Kyrgyz Republic,718.342832397662,749.423779561565,742.44300111832,786.350474964134,831.482103944381,820.709519437592,837.138026647346,900.02796489729,966.409971184817,981.220904665529,962.764789828724,1005.4831781815,985.8472865972,1069.78404438716,1088.58214229508,1105.65193844261,1128.3161612818,1157.18275758067,1175.0712778747,1201.87701429721,1093.32856461422
KHM,Cambodia,598.561915252147,632.833573980849,662.188341283454,719.333494240509,775.847139030978,866.340290123209,947.065220050691,1030.23117620792,1090.57475806147,1117.25834194514,1155.85236856699,1221.38839852454,1295.25271477893,1376.29557595926,1464.53115866927,1547.32010444393,1645.46671578126,1753.93530504662,1884.28374817086,2008.32094006706,1908.63427518336
KIR,Kiribati,1555.58190420161,1477.951639475,1467.99259660077,1415.54564772956,1378.9582420937,1368.99716100101,1419.38709899471,1433.3573454448,1361.83587176171,1340.27593200253,1328.78764145125,1348.06011226744,1405.50280446236,1493.49134858915,1492.8506819325,1639.85274740652,1731.43693824902,1769.51191332519,1803.94864980951,1835.21963082467,1777.0447605811
KNA,St. Kitts and Nevis,14039.0281125333,14610.9099610508,14727.3908829316,14100.3067967234,14619.795111247,16000.5658929826,16457.8622372067,16508.1437081315,18325.7612670282,17671.2547069735,17688.0690103409,17958.6813977053,17770.4963640576,18773.8926898397,20187.8061975481,20328.8003530109,21133.6575914414,21191.6047083703,21635.4972146482,22297.7644995701,18918.8263456611
KOR,"Korea, Rep.",17763.1353417297,18460.4288193829,19775.3800655139,20278.0406421178,21244.8136800528,22123.7613066851,23162.1860111297,24391.7651013448,24934.5396367691,25009.9148311999,26623.0487122927,27393.455357272,27944.0564190045,28732.711152033,29470.6732991655,30171.7906545222,31005.4072876388,31979.9027302467,32852.8887488942,33496.3113815643,33215.9298928108
KWT,Kuwait,31341.9780819419,30573.4284224199,30702.2162068121,35169.6335737863,37918.5405829238,40451.2551656974,41137.969927672,41113.8693942735,39852.5129115699,35124.0853941026,32568.4981754501,33545.346271839,33578.3309651964,32311.1800008536,31073.1537300624,29882.2126495698,29454.4426388829,27048.3706935958,26706.0191660864,26580.2264741607,25541.5378987908
LAC,Latin America & Caribbean (excluding high income),6581.31117825537,6499.33288090151,6434.32879860597,6503.48118498348,6762.11459440306,6946.74709329377,7223.70712678657,7518.27936660187,7709.18247419356,7438.00793773364,7849.05546645435,8108.49237821588,8210.27585605715,8349.88402062256,8370.00694208678,8308.73911709951,8184.512260438,8264.74819899468,8307.30884340362,8275.309631343,7669.33977303708
LAO,Lao PDR,917.228038617529,954.123505414634,994.492241963795,1038.71192767783,1088.76034728831,1148.68153852071,1228.08927619923,1301.08597549864,1381.73754223953,1463.3379666846,1564.91068311647,1666.40086189871,1774.63585203672,1890.27861294875,2006.31195444447,2121.01339097363,2234.76098741846,2351.57441747595,2459.97874636195,2554.95638019245,2529.74622698761
LBN,Lebanon,5958.97836750301,6085.76041420146,6207.24133893746,6319.76518298647,6633.75258002393,6707.18024635316,6696.37428200596,7179.34520092306,7701.29823027979,8375.48851252821,8955.54336184707,8936.20027462737,8920.8056984673,8443.53856528784,7830.4151113336,7714.1099998804,8019.1416913426,8305.57405425721,8388.7235123835,8064.04873416236,6440.82843092922
LBR,Liberia,754.850917360951,754.422355762017,762.716393927064,528.567395543421,535.995882066218,539.665378841936,551.377446611852,574.609394348543,591.185378141907,603.256211077605,621.783295071575,646.908727016597,674.360011422232,717.007280358975,707.157694930142,692.590082351257,668.031513175601,671.260899835355,665.875439637137,636.699384824869,605.025475431411
LBY,Libya,10853.8059516526,10467.8776146012,10170.3095776338,11267.0627623548,11529.1086646221,12628.896152656,13176.7758911904,13712.9602583972,13403.0004645911,12549.0854345521,12913.9334939386,6569.59477578957,12599.258882136,10126.314927806,7644.24843947404,7458.48917756374,7236.16409923502,9435.60060040046,10020.9165751361,8768.4104874586,6102.79864032512
LCA,St. Lucia,9198.93894352203,8795.54582090658,8755.45939353129,9054.06778374517,9637.37801390276,9527.58469430542,10045.6504032593,10147.4432459936,10583.4310172598,10219.8024011561,10191.3146827694,10576.8979743596,10517.2777635533,10279.4155096001,10369.9382566513,10334.9860823918,10644.1612913407,10960.4843512477,11233.8883578457,11114.7785940338,8379.27495097388
LCN,Latin America & Caribbean,6742.02693662191,6684.07410400188,6609.21038163943,6668.60355308319,6962.62599800076,7160.79420102627,7448.60250979921,7751.40903587761,7945.73521560181,7675.9903619546,8060.79704671081,8325.46913166974,8455.45328055859,8595.42651886992,8610.67003577239,8547.2373391789,8405.14560348327,8458.83384476335,8489.63171792301,8447.24518593474,7812.42544444341
LDC,Least developed countries: UN classification,638.39449831344,653.902811861857,672.408116961001,689.669092895827,717.390630227449,752.258316981262,784.786114587078,822.42722071663,855.395791284952,870.835035166982,904.747247036902,913.190170022172,921.298988545368,951.753124130944,979.192124616685,982.894810600519,995.154750826763,1015.62255142587,1038.13136576604,1063.5016284707,1037.48119670683
LIE,Liechtenstein,,,,,,,,,,,,,,,,167187.15730982,,,,,
LKA,Sri Lanka,1956.93310381072,1896.48251734068,1951.22522777045,2052.03045078787,2149.10628588002,2268.6880127005,2426.34873273046,2573.54362192705,2708.58594222506,2787.27350976338,2993.01411511147,3232.37350382301,3484.79049033884,3728.93586647848,3929.92062032185,4057.7158346231,4214.74117992085,4436.00789945768,4493.03575444544,4455.78189608267,4227.23315306594
LMY,Low & middle income,2169.24580163668,2214.39575681474,2286.40894364045,2387.09560676557,2533.63490609155,2681.80911389239,2861.63623205145,3071.96637646344,3209.89152688519,3292.95225009223,3513.14255185016,3685.31687703342,3833.91840392667,3994.67974612361,4145.78134336883,4284.85686298442,4431.18235187323,4608.67872042193,4779.40840873637,4919.20859980592,4809.84896387149
LSO,Lesotho,725.263668707773,752.243212493971,760.033443180306,798.540500554454,817.793597897186,853.960500629797,893.750686627156,927.26863327342,971.881366821351,952.747929746529,995.233432451681,1031.99721564343,1086.39034816283,1093.95323489272,1100.04993684215,1121.19851342518,1147.58748801671,1097.82166812752,1068.44462913373,1040.99351014117,944.834128375429
LTE,Late-demographic dividend,3466.01310620559,3619.46654540267,3812.59136967467,4048.48471590844,4352.77899604091,4662.84590388694,5063.68908694481,5544.40085964957,5891.622096914,6074.36748179082,6525.60694866136,6949.99107912565,7305.27620420521,7662.87637611851,8010.29794417952,8331.63270803563,8646.07589908332,9041.21609671517,9481.09349361995,9886.07149064231,9878.28626310562
LTU,Lithuania,6384.30865426374,6854.52512826671,7374.0979710116,8218.69336289848,8851.92598922347,9692.86853763267,10577.2145522871,11889.3545234657,12324.5197331387,10612.9204044582,10884.1161852582,11836.7200384033,12516.6184065667,13145.8069309969,13753.1895982305,14269.8039878287,14823.107153522,15695.9993288456,16604.9021440809,17431.7239081591,17443.65526328
LUX,Luxembourg,92527.7108705226,94243.7068360989,96269.5797484275,97597.9973184565,100292.566948333,101222.044353044,105614.178851764,112417.876989455,110094.791529429,104574.349049084,106544.057363484,105290.249021891,104487.744312565,105338.955521681,105583.937273429,105462.012584423,108351.451826983,107142.126672598,106788.728745199,107591.965850496,105274.2471768
LVA,Latvia,6336.38296707987,6833.4354323157,7443.22944659059,8149.00183600084,8957.23393555082,10106.2626157732,11507.4648265658,12810.0409502542,12506.6945041012,10675.425174228,10500.8666223014,11018.5152421583,11971.0107466522,12353.5386135301,12731.6771959342,13321.9753140616,13787.3367440023,14382.8612727134,15120.0698171804,15328.3859933295,14900.7295718866
MAC,"Macao SAR, China",31772.6302531656,32441.6760183581,34967.8914561813,38581.6976189322,47665.9330386643,49470.940295748,53240.2045750276,58376.1176047275,58146.3285846714,59528.8350159491,74195.0577762344,88168.9713699088,93192.885853941,99054.4980289716,92383.8434915276,69902.9605741233,68391.3415491921,75650.1261840452,79178.6506290559,75724.6078280261,33853.7761550109
MAR,Morocco,1957.14135742188,2078.96606445313,2127.50708007813,2229.576171875,2301.08178710938,2342.15478515625,2489.99291992188,2540.615234375,2648.58569335938,2710.66650390625,2767.04223632813,2879.53930664063,2927.45043945313,3008.185546875,3051.458984375,3146.24780273438,3124.42504882813,3242.64428710938,3304.7119140625,3364.73950195313,3090.89428710938
MCO,Monaco,120456.506337384,123122.12291461,124481.880220824,126022.239091348,129403.404955341,132253.218402608,140615.178788026,162028.480643444,163243.752211148,142375.532007071,141814.78664157,148272.711991792,146472.677860476,157167.975027858,165288.200345355,170437.101188261,173120.189785092,165781.779121526,173041.761057866,185582.7556905,161262.925884403
MDA,Moldova,1346.91567176561,1432.2768928234,1547.57421231612,1654.36629303195,1781.19145323724,1919.44550763748,2017.17730062908,2082.51260097669,2249.22589719372,2116.94357544097,2269.51116145996,2402.94446306051,2389.08666147529,2605.85029986142,2737.80185056647,2749.55137054338,2910.95486872376,3085.33305844263,3267.9961042872,3438.67732670712,3188.91691602699
MDG,Madagascar,465.529509827021,478.40561494987,406.70122213637,433.601040301214,443.278654985967,450.955230911228,461.540337897729,473.785462328449,490.963935389518,457.789754866068,447.417143030687,441.755158414121,442.641500123543,440.674658903628,443.343869908205,445.320069480568,451.15659433146,456.851859574031,459.330367799543,467.27741349648,422.924255422319
MDV,Maldives,7037.08546104613,6647.6503820039,7012.25568873173,7845.29307409315,8174.41607301248,7141.88377049891,8620.72814678183,8933.17166363858,9396.49733610486,8313.4098369723,8569.52494600725,9005.81391375104,8907.66134868182,9213.32791442475,9612.07861806739,9644.90655028145,9909.07669723415,10263.2991147672,10793.8941325367,11194.9253748064,7295.60220956454
MEA,"Middle East, North Africa, Afghanistan & Pakistan",4004.84887081865,3989.70458625268,3980.86113304131,4072.49109670511,4292.69394546798,4413.06728927417,4564.98448996785,4689.93167710735,4780.09426990896,4720.39884992496,4846.87350895943,4921.0673637503,5018.45851427188,5030.48983466441,5086.55092778754,5125.68064083245,5259.35921867209,5279.9701627926,5321.7434512062,5316.51746627674,5033.14208530647
MEX,Mexico,9581.96970210753,9398.35074355724,9242.27886130016,9221.99666693097,9421.28975988024,9491.51730225718,9813.8280424425,9877.69532644737,9826.3421836048,9074.1188145564,9389.06722084275,9575.93437788582,9782.51776305354,9738.71059803658,9862.48125444199,10021.2386118827,10100.5021214015,10193.7727193457,10296.8690928534,10159.4448364319,9234.64362317923
MHL,Marshall Islands,3040.59677355737,3224.7911898754,3322.41127856101,3256.97244330835,3234.15265200518,3284.78403267445,3285.12078781351,3403.47842798117,3146.26177205458,3262.26955535477,3441.31888402121,3433.06297801838,3420.91444796671,3602.92811901896,3620.77275283155,3764.34426229508,3946.8444109078,4190.93468589482,4542.34293916308,5162.81500670348,5172.57528216176
MIC,Middle income,2277.27178754853,2326.35581527473,2404.29239657687,2513.07600926272,2671.06832098,2831.05223711225,3026.12925447476,3254.29975423416,3404.98708871015,3497.74128828918,3737.17369206799,3929.35951257039,4098.86423214222,4276.8418859906,4444.30945842191,4602.5168269161,4768.02490169307,4967.67314800986,5160.5638050536,5320.7385938622,5211.08110372645
MKD,North Macedonia,3283.37934095351,3169.32514368931,3240.11064526089,3307.92040834712,3473.76544811451,3657.56307699216,3866.74650622977,4140.63354809364,4392.5507164151,4405.20045750867,4582.36517512347,4711.13027870081,4708.05168535923,4863.68088666968,5053.75001236367,5262.68671928674,5429.94678358359,5510.81862920922,5698.39334484489,5961.58475399191,5743.72649424581
MLI,Mali,682.49742045713,766.960343246307,766.073669042446,814.808466525191,800.501816706213,794.373328211361,797.100532884951,784.893915016638,787.156518987615,803.486738927624,821.181286587872,818.399030995547,786.323471336853,788.819448205749,813.975661285204,838.11986940103,860.75307554569,878.561348377434,892.978322791418,909.751069703313,872.389426814294
MLT,Malta,17178.3773811056,16920.7309706609,17255.4299440987,17775.4264786392,17728.3659761648,18123.2685184554,18479.213008171,19342.3252929886,20064.4610845081,19635.9157805971,20750.6479461598,20867.9310851632,21529.3982167566,22626.4981391343,23866.0667851301,25529.6813337717,25969.5120352027,28546.6597365912,29536.8052374716,29522.661886008,27861.8202844538
MMR,Myanmar,298.590464510138,328.973872713504,364.855800197477,411.498764127557,463.33013572168,522.099544791815,586.085579935448,651.729730899198,714.620419027129,785.634853168658,854.932478027749,895.512538762631,953.123081936485,1024.69060474658,1099.24387751605,1166.73305547935,1225.37913972668,1290.56409027458,1361.56831265985,1440.98988238708,1301.3138635245
MNA,"Middle East, North Africa, Afghanistan & Pakistan (excluding high income)",2321.52904553104,2335.69507943702,2358.79891547333,2372.1522342386,2497.58482977173,2562.3377597191,2639.88906827009,2733.1384102406,2767.19555091699,2783.30273792282,2855.29913107747,2785.48050527274,2827.37154127985,2804.95389859493,2819.68602311378,2802.63134980954,2910.61808296495,2959.5986439925,2968.95602708448,2957.01658493792,2829.04712608404
MNE,Montenegro,4391.36966049063,4421.83994305167,4488.00716747744,4581.10700736435,4775.39883026359,4967.68527082416,5386.53833750521,5763.04035952173,6149.68558098863,5768.65709477479,5917.91788713074,6110.66013917018,5948.3791195297,6138.25153608056,6272.09116381077,6421.00307345999,6634.38508838803,6840.91155440218,7159.47114735985,7470.29588471711,6351.95486320483
MNG,Mongolia,1598.31282040605,1625.46152259484,1680.65335337555,1775.64906676137,1942.36263694017,2060.26168223171,2209.74321787628,2403.72416258662,2576.71295838607,2498.72967493254,2611.67326563924,3010.81642672623,3318.16496597089,3628.90708069575,3830.35892049593,3838.92126989984,3817.91962716702,3956.2049437134,4183.85566447661,4337.8167085432,4066.03410882791
MNP,Northern Mariana Islands,,,24066.5361573445,24650.0405531909,24445.4618441919,21882.2927935415,20940.1619770428,20117.7037335229,18451.3905458787,15710.5807282039,16293.3059496259,15226.1308805108,15457.4258192247,16015.0349164338,16869.5270385638,17665.1007493109,23158.5744988538,28989.3470221339,23756.6075820248,21451.4401636511,15410.1186923944
MOZ,Mozambique,287.390630344484,317.185703581034,340.13537022259,356.521157404125,377.064958084878,391.699758163976,420.526462764726,442.049574057751,460.94729485679,475.788178051193,494.162859074785,514.869957191994,540.2945177803,559.393953685688,585.266716133984,610.563774706589,620.779714954555,618.397694360334,621.153734194787,617.13932000195,591.804059985932
MRT,Mauritania,1304.64439067179,1262.65567288639,1252.10300454131,1308.56307582578,1338.66768122804,1418.53202144135,1637.04191255803,1563.60628765192,1514.2655013629,1469.05426880813,1460.19179652873,1472.55245572229,1488.97177557214,1502.90142381083,1520.64621634902,1554.94897871782,1528.05152299375,1576.06857825162,1602.90225649072,1605.1352359742,1553.30615586591
MUS,Mauritius,5744.19830169899,5889.77138546269,5943.48081247767,6250.2637051329,6480.13648507258,6556.38819193225,6843.39977734988,7202.43853899489,7563.03143738425,7793.0308214588,8114.82056038003,8432.19129317694,8702.82242878289,8973.51550099533,9300.07878638583,9630.5437837507,9995.65028642071,10379.9138706732,10789.9241521132,11098.3137067341,9483.67602630847
MWI,Malawi,418.592985038462,388.260039763569,385.308980237095,397.224846758815,408.064916052765,410.267979592536,417.877689776503,445.254305419586,465.55147298007,489.631418790158,508.088650552846,517.833736624232,512.74031797451,525.357645516557,539.562601918057,539.605363240686,538.221990810959,544.795729220349,553.528790902088,569.866249371948,559.447086086067
MYS,Malaysia,6455.61419792583,6334.92795651698,6516.90671560155,6732.92049458099,7025.34558004381,7234.02442689141,7469.8106921211,7769.59693350488,7976.11785374773,7700.46111294033,8118.92270511981,8400.32248683558,8710.52671359902,8964.80724896203,9341.73055971278,9648.6797937523,9901.47960179812,10293.7629205362,10610.1950240479,10902.9834855856,10171.4657842762
NAC,North America,47364.7456727428,47377.1442729396,47778.0017338011,48654.1313067876,50031.2642410122,51286.8105378707,52201.3765308573,52744.6503467595,52336.0990945176,50514.6640321862,51440.0804801458,51885.5691627919,52612.779441209,53314.6283485468,54229.3963287835,55285.5686917861,55797.5468748501,56770.6564066106,58052.7625499753,59158.7219278339,57470.4195194401
NAM,Namibia,3083.59657884697,3055.40444831936,3145.94566281247,3232.30589658857,3582.89503259701,3627.75059772278,3834.99894666178,3987.61796106565,4036.38187484707,3989.20711387651,4165.12990200988,4302.72451368462,4420.96741373862,4549.26759093897,4701.95694189098,4774.10650865775,4648.62713460213,4476.73324402105,4400.47537705743,4243.09274481966,3787.49943973286
NCL,New Caledonia,,,,,,,,,,,,,,,,30858.7237060533,,,,,
NER,Niger,392.898616941042,406.923493665264,412.123793192578,406.333757497876,393.398781453199,407.190931059924,415.852022114801,413.419126261066,429.195542798877,421.650901333136,441.079166112039,434.986264873953,463.066265496402,469.690214200878,482.74524741946,485.662574175279,495.017437216008,501.615305462902,519.546993483886,532.186024570389,533.194328910254
NGA,Nigeria,1421.67987952013,1465.45720342309,1644.39518877633,1717.2145111176,1824.80269456773,1889.25175325818,1949.15856804565,2020.83316299454,2098.28339220668,2204.6072560373,2315.46676509663,2370.97657091803,2403.65387896924,2495.34106573749,2583.6155695814,2585.73360671797,2481.81490350326,2441.71236404488,2431.77857832568,2431.53528472982,2228.68631422888
NIC,Nicaragua,1458.37490084556,1482.31517247279,1475.48635411179,1494.95618752566,1555.87425694816,1601.48770707458,1644.37193565251,1703.20780299405,1736.65740610408,1655.72028962416,1704.37875049059,1786.62863418308,1876.1759720149,1941.45628552626,2006.64869646533,2074.45620634731,2140.14405941606,2209.63273423213,2107.3396261623,2019.91518620044,1950.19181218473
NLD,Netherlands,40665.338169599,41297.3198832208,41135.4190736263,40981.8477039972,41663.1477772692,42411.3453838518,43841.1223404104,45445.522872349,46227.211156219,44304.4119317351,44659.272839058,45239.7318887962,44631.8745388789,44487.03063469,45042.0669545832,45793.8135434697,46655.0363382039,47670.1057253297,48463.0299739951,49254.0158854264,47086.5804192702
NOR,Norway,67846.5968643534,68899.5268987833,69472.9836807311,69719.3122573679,72090.9862854901,73524.2549197612,74729.7365961068,76115.7066768285,75535.2118003041,73141.3073299889,72804.3956188398,72660.6754124944,73661.6785830334,73515.9144917472,74180.3238731011,74809.9658049898,75017.4944769055,76247.4116445341,76373.6474606092,76712.2871160349,75287.2059527598
NPL,Nepal,547.221082273632,564.28622920391,556.438454538796,570.28967363428,589.46992868617,603.190108570995,617.477638588722,633.226129136597,666.865095417138,692.400000816919,721.265221364302,742.617252662576,775.310578479839,801.039060847856,846.665541773599,875.543635474862,875.188943730855,951.857298563641,1021.91492204011,1077.11796498188,1031.53618783934
NRU,Nauru,6079.96620774489,5690.15963796811,5147.16130887748,5173.61559183102,4949.8909692212,4955.30929946913,5382.10161869099,4199.70508141733,5045.18472364491,4761.56658392323,4748.76539924078,5417.44487923767,6626.18317072945,6735.42128061862,7638.99065218892,7747.25584993607,7925.5779662048,7308.31758516508,7149.78109138393,7687.19643322519,7770.69883784016
NZL,New Zealand,30853.807635459,31718.7628389095,32641.8202163485,33517.0893271345,34372.5891093868,35126.3341641095,35665.3533259784,36414.3173040299,35739.3584607571,35370.585185302,35489.7631519026,35957.523248516,36607.1493914827,37267.6586997514,38056.2646732554,38665.3723018158,39235.3695566636,39722.6068434219,40371.5456268118,40727.8822513384,39785.473128643
OED,OECD members,30592.0378269081,30794.724507181,31037.1528475102,31442.0228737181,32234.4407117914,32918.4900985192,33673.9718111843,34311.0693477502,34177.1150541466,32783.6280768116,33528.4100044688,33975.6013090401,34230.3149071274,34581.5357525872,35120.4008452828,35779.9123271942,36216.0475622534,36943.6721882405,37584.634230902,38062.9859938454,36444.6516392817
OMN,Oman,19881.7364316776,20546.0554077598,20150.1131971413,19485.6441506077,19534.8601445269,19629.0451546015,20096.3965576134,20642.7489563377,22007.7338963517,22819.1977324647,22766.0503620721,20993.9079436935,19824.1215485946,19299.9400516869,18726.2026946971,18808.3077921839,18830.6057208608,18277.945563615,18269.6769435562,18089.586668488,17743.8858800477
OSS,Other small states,8348.27646209373,8464.54110405474,8609.50564808359,8860.43714498688,9164.67108439275,9487.11347008899,9959.86385190429,10377.4487607855,10343.2053560068,9699.18302744397,9829.37376191878,10049.9562166758,10063.1293120612,10036.2011169509,10136.6802416118,10359.1182462574,10667.1122642121,11078.5034399888,11422.3381975176,11765.0274554195,10962.0788606767
PAK,Pakistan,1049.54229686852,1057.86767778646,1059.04171024589,1090.27523993746,1146.99632842666,1201.23359367214,1243.94142602543,1265.35567539842,1258.05188934452,1269.07432116444,1256.69482201323,1261.83161907857,1275.48806898966,1309.70080446386,1343.30778121043,1380.47020838317,1452.18658269177,1495.26187528032,1561.68169819559,1573.8330826937,1526.00597486307
PAN,Panama,6856.1491877083,6787.86265820271,6825.1774775292,7037.08164896629,7468.76593461799,7935.87134515908,8557.98017379308,9507.64640169959,10288.1549774225,10267.0633132424,10698.0717490512,11761.4988389067,12668.2945402358,13236.8306490828,13611.5490656071,14082.6548434996,14474.124340577,15045.545619615,15375.6434854475,15602.5420714581,12647.0826553801
PER,Peru,3286.27308475523,3261.6642505136,3398.74991419297,3502.79165687646,3640.60299869744,3835.13219279722,4091.36268615581,4407.79121686416,4778.52642172313,4801.17153740507,5167.39259325937,5453.45718713631,5740.04346272472,6021.46142765232,6103.91864749969,6231.71150338894,6392.25474941014,6457.41940254721,6593.14437459526,6626.26083494969,5831.83024758521
PHL,Philippines,1793.34761146436,1807.70892524758,1837.25429286854,1892.82161995051,1978.34489133113,2037.8776605946,2110.42044781284,2209.34651083329,2264.9462907288,2256.72554835463,2373.14312064664,2416.75212064542,2533.74141964959,2654.41506933978,2776.92005909479,2909.85818010301,3076.3374186759,3247.4503878362,3410.93647976109,3575.88170922922,3198.66690008413
PLW,Palau,12346.4680054398,13134.260646066,13647.052731145,13250.6865944432,13599.4436174869,13992.4700518965,14186.1538388023,14590.4803753503,14045.7297946023,13338.1300928439,13206.5122645,14123.1262308557,14609.8376964301,14331.3395472642,15015.0026129107,16154.0532152373,16343.5615050344,15841.6183886679,15642.8069323229,15600.1871093094,14532.9898440558
PNG,Papua New Guinea,1989.57882204274,1920.78003889393,1854.41831737462,1832.67870314447,1821.84741071002,1875.82273480514,1915.2349405788,2000.9726186689,1934.03201558753,2003.24109727039,2140.50939027384,2102.03192060639,2139.48096660428,2162.10592595591,2391.3578028163,2484.5963398603,2557.09463030035,2584.8883636271,2518.45899317321,2572.56177967896,2438.61137922293
POL,Poland,7401.57697647848,7494.96089503246,7640.99307757777,7915.55424389704,8323.38773754587,8598.57681241557,9137.65850849801,9760.7042604352,10187.2017910883,10446.5289138524,10808.3975674238,11370.313427173,11542.2353368014,11628.2286809525,12093.1622787394,12637.5220324406,13026.1858988718,13695.6452848724,14551.0850277089,15221.3090624454,15090.2228440113
PRE,Pre-demographic dividend,1079.42708690405,1094.9717763003,1126.60995934238,1087.09206577047,1182.63790184807,1216.92124399816,1256.10622810655,1296.53645780715,1340.27787088179,1363.83802147483,1412.49898242198,1431.26652210403,1449.44384186057,1490.0962045902,1522.21824259319,1524.98608713796,1518.36553624341,1501.00472393292,1498.97139237832,1505.95575412271,1406.48382617164
PRI,Puerto Rico (US),26131.9630643584,27722.3671872748,27940.3826219734,27937.8165922567,30375.7895758237,29815.216422231,29519.7386759729,29347.8460041613,28976.1310520159,28565.767919549,28569.5077088001,28706.0207514856,28968.6942131352,29115.3549161996,29141.2038639816,29242.041465085,29326.5748761873,29061.5563802711,28808.8518638025,29185.0969964707,28144.7223184239
PRT,Portugal,18822.0933092937,19053.089945659,19095.1102477398,18846.5411893632,19137.8370898949,19251.71450683,19529.3122100477,19979.5706280792,20014.4749330004,19371.1318876855,19698.6836791397,19389.6395896162,18679.7626789594,18597.7214623964,18836.8967978906,19215.7813014347,19662.82312462,20364.1962735946,20997.7745987013,21569.1874752919,19778.7139525722
PRY,Paraguay,4074.48953320457,3972.88427866739,3916.44022308731,4035.71833919936,4151.34584799423,4193.28086525675,4349.31197066239,4540.38235899258,4788.66318778074,4727.59685811389,5191.05014254362,5342.19015717538,5230.26244858989,5583.12274473566,5794.47644689985,5879.33792308762,6041.95879367349,6243.1336313903,6354.2392005316,6243.53620897823,6109.19608100826
PSE,West Bank and Gaza,2436.01207739636,2153.45735383203,1836.98042481351,2041.60484619659,2426.41565630382,2632.24627423958,2540.26763083127,2569.98434108953,2685.98601828464,2840.01594969395,2927.08101953403,3128.10811061384,3237.91619995789,3309.63120243098,3227.84934482645,3272.15432360708,3483.09903532972,3462.97986107136,3417.79440837962,3378.4346209191,2922.46801084844
PSS,Pacific island small states,3176.39794860245,3163.33571644076,3186.14737789638,3207.73542916581,3296.44443252474,3338.28075619483,3378.98652339856,3346.74967940648,3378.06429573943,3326.82305751956,3408.1961416575,3492.05482608666,3481.4413131175,3547.56315600397,3626.36793557544,3722.7745565917,3811.55677547702,3909.88377121052,3965.69591895216,3969.06712487372,3525.38600970306
PST,Post-demographic dividend,34226.7039362383,34578.9972958524,34929.6840503579,35459.8626169439,36405.756283014,37234.4196491304,38117.823061561,38864.7512997089,38770.2271281115,37270.4347171871,38170.9680272624,38689.210554622,38998.3256159869,39436.9871067886,40062.2985082838,40775.9479386213,41324.4948284306,42190.9858310755,42982.1948272898,43623.7992070046,41771.300719227
PYF,French Polynesia,22498.8285530328,22076.5919162624,21932.9195333418,22055.6419702196,21919.9410589378,21661.4244664054,21545.5997136473,21648.532237682,21493.4178311249,20499.7723032831,19913.0252687915,19241.6437951625,18968.4422157904,18930.1268887012,18928.1858620128,19166.9594761931,19516.0718353276,20287.7685831663,20674.4206829029,21289.8751241139,19026.790444196
QAT,Qatar,52234.3615212341,51633.898491151,52752.6445826427,52255.320560255,59990.23422872,60416.7101500199,64676.3189868053,61423.0131050382,61213.7206556875,60781.8017337781,72333.8027430124,81608.4080652473,80621.7554942834,76486.9151226864,71756.0265797248,68985.2433380102,67294.3517688172,64497.6242543737,64410.7171628721,63430.3717285437,57769.5836053284
ROU,Romania,4569.31124324524,4875.30310600635,5248.54994632668,5410.30835796252,6008.64048461485,6328.09022324183,6876.77841417966,7483.97375820611,8318.00342795388,7924.87058070212,7660.70667630517,8044.57194920892,8234.28553425194,8287.95844089676,8661.47397274241,8977.01748158196,9286.87678236598,10106.2269557253,10714.1701157127,11197.3162915853,10854.049431887
RUS,Russian Federation,5323.66650390625,5618.95556640625,5910.171875,6370.45361328125,6856.67822265625,7323.38525390625,7949.89697265625,8640.40625,9093.7001953125,8381.8681640625,8755.1201171875,9120.8203125,9464.0107421875,9601.537109375,9493.8125,9277.7138671875,9269.3193359375,9418.9140625,9674.787109375,9882.0244140625,9632.3251953125
RWA,Rwanda,333.355090143084,358.446058691452,400.270421264911,400.191620648726,418.780997277457,446.029809636404,474.364599463307,497.171622130545,538.325372065592,557.397804859216,583.371416419483,614.539650123021,651.852818665834,666.408788783175,690.610394944356,733.998629882494,759.606288155109,771.069237513582,817.578437300032,874.639658935978,826.391307701022
SAS,South Asia,758.133172484319,778.357238713854,793.58779205405,838.605352931883,887.193101602536,940.169909002488,999.335555409877,1059.31634791841,1081.2982713599,1145.46231062146,1222.51823014544,1272.07513809819,1326.51107396561,1392.20217841536,1475.2167650201,1570.54142462917,1676.35409782334,1770.26291324586,1863.72112646654,1920.39706317474,1806.99045389559
SAU,Saudi Arabia,22247.8566987439,21193.0922894351,20025.4319998275,20765.9387688082,21545.894988606,21838.1915349374,21616.3355772516,21196.7926036633,21629.8405734551,20577.5453445336,21830.1424272816,23314.5576023168,23643.0358324647,23057.3494468535,23404.7306039825,23256.1549553531,22783.0328538685,23035.1199977707,24393.5188306638,24905.6697428558,22827.671935548
SDN,Sudan,1111.11865234375,1150.17626953125,1185.21533203125,1226.42077636719,1255.67114257813,1290.24438476563,1336.1240234375,1372.10961914063,1381.62561035156,1301.34729003906,1311.22314453125,1388.21813964844,1288.25854492188,1283.45922851563,1307.3896484375,1292.37963867188,1297.15454101563,1261.87353515625,1185.94445800781,1126.55297851563,1056.86474609375
SEN,Senegal,1048.37474052363,1067.36886550595,1042.25509944289,1074.38578467686,1098.20064546027,1119.0505307548,1118.7830430051,1123.99862153285,1138.66883930214,1142.65317233964,1153.53431121583,1139.74447892639,1154.05677992367,1147.3859217191,1180.7987108505,1218.00613555438,1257.40906915928,1312.10932776049,1355.09610863712,1379.60875249861,1361.79143748646
SGP,Singapore,34890.0811365168,33597.8690808226,34598.8267483781,36709.7965038255,39856.6356222613,41798.4880834671,44159.4101820552,46178.8139470199,44601.5799302699,43331.8746638962,48752.0515441859,50713.5326393594,51679.352717333,53298.9728558286,54681.9336458253,55645.6068614606,56986.7853102911,59485.3015873921,61250.3476672302,61345.5291820062,59189.70385743
SLB,Solomon Islands,1747.71796168688,1577.65519452251,1504.8467296693,1573.84348435767,1664.57315979072,1755.74082446273,1796.71439810674,1830.23321405807,1911.18969015528,1930.46287614922,2058.95691648883,2132.02844199392,2105.91423758379,2136.72116177034,2085.16067273086,2045.47721526649,2084.24845745225,2075.36705302305,2061.8996970669,2043.09139778307,1930.65510307199
SLE,Sierra Leone,727.240914632596,642.036645844304,766.788693742901,806.066489012144,829.759768928304,842.906030904902,859.824260714965,872.68836234614,882.54147817868,872.23959352481,902.769891411394,950.760763054593,1025.04366004502,1146.81973456475,1032.23789355905,964.575980888989,1002.77862282013,1010.54694071207,1015.6678297205,1046.96778078594,1010.25294614757
SLV,El Salvador,2964.89346881406,2978.59734844669,3016.06307728602,3057.16467629097,3081.23629665234,3163.36118376833,3302.34817354347,3359.1623024135,3420.44927357444,3337.81150878211,3398.49346060363,3514.069144355,3601.44222914588,3665.1547327058,3713.94992016222,3790.34089108162,3875.84691357954,3954.84014277572,4046.16291720583,4143.11437097867,3808.53195436409
SMR,San Marino,55806.9219720449,58173.2936031775,57615.4100635074,59090.2331058555,58393.2236678918,59049.5774485922,60604.3508911242,62776.9461598748,61572.7435735639,52873.2681862909,49672.6977770842,46450.0251706982,42082.5554467713,42293.4870685544,42492.8509160139,43146.8240435428,43886.2146896896,43057.7784775102,42818.6962696679,43525.4225717352,40506.8521137898
SOM,"Somalia, Fed. Rep.",233.032393086265,239.83907408804,248.636454000766,257.910337235986,266.257271856641,275.457040798093,284.470789865234,294.210404466634,304.741448811117,317.03818481457,329.970504936941,349.577449077722,369.617204753385,397.108796344858,417.516796906395,445.583080073396,458.921476824605,506.501098879459,498.981065013872,494.444039712339,462.867053737236
SRB,Serbia,3542.35365914848,3788.98233947399,4038.65251197442,4233.77644906089,4527.43498659451,4809.1384076488,5016.41289322251,5431.27887426624,5735.94772695749,5578.0119741931,5690.70327182682,5737.00120175811,5739.3075023532,5793.33614525565,5716.54047153506,5820.3215576888,6024.95754653784,6200.26118592152,6524.08029755191,6870.75810896296,6850.96742168834
SSA,Sub-Saharan Africa (excluding high income),1300.93157211291,1319.48327204805,1368.58329835987,1389.4430156761,1441.30774878104,1485.37551435245,1531.52480384502,1580.27755740837,1615.34587802112,1618.80132357247,1667.51820351409,1691.66660971882,1698.5158646606,1734.35144843299,1764.52518975731,1763.27463036367,1732.90964850105,1725.248614336,1724.10846517385,1719.05269893256,1613.92902099825
SSD,South Sudan,,,,,,,,,2289.18415375563,2293.80166888543,2295.07026096006,2073.23981819145,1069.19619080938,1165.16202707495,1197.09491969479,1080.14718624765,,,,,
SSF,Sub-Saharan Africa,1197.83286103765,1215.36013800713,1258.74653507283,1275.72710309586,1324.51853793772,1366.27424482585,1409.85883394612,1456.1661697907,1490.09370157274,1495.15888390986,1542.53215408965,1567.63762624075,1576.31411158834,1612.24237571721,1643.26781016129,1646.44941139316,1623.17708645872,1620.53648783766,1622.24137160361,1621.5953888781,1529.24894566347
SST,Small states,8220.23901042675,8322.09933023977,8496.59454518117,8796.42233141665,9105.86748386889,9451.28413237528,9969.96579894485,10327.7328570127,10342.7108313065,9794.86691738104,9921.82379714539,10072.3942172806,10183.7115546246,10192.7078437938,10324.6794019847,10446.850341907,10523.7082779478,10750.0323524971,10981.9220128952,11201.6035626777,10330.2244204664
STP,Sao Tome and Principe,959.938180991352,973.424252100436,982.32906557627,1036.86196260207,1047.05796134884,1089.14778798762,1157.0861446542,1170.51612474435,1214.14114724792,1225.60541902997,1216.3502521663,1214.96130276731,1225.6945255615,1263.70423995281,1301.32146445028,1298.10946596396,1342.533807689,1375.59403284199,1413.84348618541,1420.66008316091,1430.84119299096
SUR,Suriname,6128.31602380553,6255.55274185687,6301.31731043167,6567.84309876847,7021.98919924338,7261.8171350196,7599.35696921481,7897.25648915828,8129.11464659446,8276.69079768793,8603.90786745855,9003.28597674886,9140.92898611536,9303.46008775809,9224.24378410547,8813.61705392067,8293.31553031406,8338.69235401862,8666.64870697797,8677.30522021731,7213.10766669943
SVK,Slovak Republic,8997.21199594319,9277.35808851002,9690.68468262889,10168.02256533,10718.2101858841,11412.1593630008,12430.2015488557,13770.9602691527,14497.1114407172,13680.7537106597,14596.1477776887,14950.8735178599,15159.6570420004,15249.8824513785,15647.6491763517,16442.0760860018,16740.7413996428,17195.2888721963,17869.0149173679,18250.9802475637,17763.8563847352
SVN,Slovenia,16146.1216848394,16576.7158840406,17099.658209132,17635.3608581831,18425.2601213581,19102.2776603905,20166.5323431214,21485.780992381,22175.2369557321,20307.6188322273,20444.1201295876,20535.4155754108,19894.8697964548,19704.2186005128,20228.7081986391,20697.2748530619,21309.7122138949,22397.7634988337,23293.966665323,23943.1800949889,22811.8050540778
SWE,Sweden,41561.7747635857,42014.4022302506,42831.7584103774,43475.3655433221,45114.6701230708,46189.6828420555,48078.3520110084,49262.152916545,48428.6587081751,45974.3911151254,48205.5492512742,49356.5905257047,48789.7906883637,48928.4994141291,49557.6183647959,51188.1652120493,51626.3235312369,51894.3748177808,52203.0872589761,53024.4099494317,51624.5811789573
SWZ,Eswatini,2273.04683761056,2283.98316815361,2358.56935643468,2448.83792077995,2522.14342097167,2658.75180508187,2823.48728215402,2928.46845823015,2950.67334362132,2973.83456912379,3069.52175725884,3108.70225253092,3218.50138205493,3332.11983927912,3381.79292071291,3419.82276559528,3500.17688847942,3596.23605400492,3565.54285067501,3759.67106964666,3609.3669136859
SXM,Sint Maarten (Dutch part),,,,,,,,,,37548.9474627441,38403.0705201664,39615.1371367338,39298.9873567827,38889.7715088035,38623.1999405819,37839.6283815163,37428.7027557069,33945.4185182499,31047.7241050626,33877.976645467,28920.3773007159
SYC,Seychelles,11703.7535246117,11427.9413083015,11218.2606464315,10677.9692081272,10412.0868936027,11297.3118190493,12105.4475265558,13112.8210098816,12473.2921769121,12116.3783687977,12313.5566919249,13843.7116081878,14135.0010570653,14050.3135581314,14395.6158118771,15333.1051727105,16962.6753972731,17921.5731976918,18628.1862276696,19481.6461053742,17048.361729788
SYR,Syrian Arab Republic,1248.38488334216,1230.87200021533,1249.00621359351,1307.4814585452,1363.61946683869,1411.63184941498,1420.72293121298,1411.6899137524,1423.59559425951,1484.40523742854,1526.36894402751,1542.71957174916,1142.29080150598,884.329813332104,847.659877206276,847.731631942565,802.969498335502,795.883216970859,792.413811698757,771.518695271305,740.811397013438
TCA,Turks and Caicos Islands,,,,,,,,37466.1822614725,38854.1075698814,29988.5997375172,29111.8729223189,29363.9475927366,27441.3335987017,26477.5410719582,27636.8210228067,29457.0140691162,30183.0002949881,50586.1032335151,51863.1830309332,52419.8862128617,33739.4253991739
TCD,Chad,530.600331270541,572.806706828797,600.171451974641,661.556916681677,845.518131173419,952.871910097036,914.210664598894,920.352815674967,916.087274632505,871.485311273077,956.953018715651,965.286963557057,1016.42152061894,1008.61711429294,993.321157708395,993.990730610869,923.56587204799,879.075895466718,898.834794007399,917.203710065059,884.980541933197
TEA,East Asia & Pacific (IDA & IBRD countries),2157.91938010453,2286.769782477,2451.24530806912,2649.81645849929,2868.75214281979,3131.70612955601,3450.72859160877,3849.69406453497,4149.94050469473,4448.74654682988,4852.74429762631,5228.04137782468,5575.0423073001,5931.59468379823,6296.46330191384,6664.48834577557,7045.21470188624,7457.89049178297,7894.2971157874,8312.92246043013,8386.63950211
TEC,Europe & Central Asia (IDA & IBRD countries),4430.11168037444,4551.16276995954,4781.5832367887,5076.33254199208,5473.20161109334,5833.95966556779,6287.52395891241,6767.52508494844,7054.20102951113,6698.64285633554,6986.9535552226,7364.90946811375,7583.64863478186,7799.56084853446,7935.99050423519,8009.61874995558,8118.42014141453,8434.48840087775,8718.49343377415,8925.46203415138,8778.05956344465
TGO,Togo,679.533421599502,667.298334712527,675.440797960321,702.799255960869,678.28759996017,630.248678309054,629.079905835563,603.83784338967,610.405413708475,625.711511370434,644.5632812645,663.96334052788,687.495464571464,709.09186114976,730.291049611232,751.051987587248,763.276185353302,774.274897347436,791.592405216309,810.512262603518,808.300697079208
THA,Thailand,3514.71662970608,3599.02524877358,3783.75422073266,4018.15538187068,4232.77157261934,4372.25730206261,4551.5250018314,4760.66708464831,4805.76393990836,4737.45679763314,5059.35747831657,5070.23740191942,5403.87846036273,5516.61164164135,5541.46599361845,5688.85335397884,5857.78052935926,6076.74307700082,6314.19948412043,6434.53770518034,6035.18627737077
TJK,Tajikistan,429.537300984643,461.681195760256,501.80856647117,546.391479808684,590.957111385699,618.333702588577,649.163328755334,686.48090192413,726.185491338269,739.212878526331,770.604105393791,809.368229154093,849.519080831738,889.882383099979,925.970961482804,956.916310930656,997.352614556708,1042.26391757642,1094.8002018221,1148.34676712493,1171.90127480359
TKM,Turkmenistan,2255.01496788934,2306.30057631688,2266.6336625636,2295.29620574541,2364.26725156856,2622.61796328876,2856.77457038028,3114.06330033038,3504.34843278483,3645.43522420841,3900.14237925855,4379.74943394339,4761.0792759807,5131.16736462999,5533.03528846527,5759.497903834,5977.83828113854,6222.55590558882,6460.94356849428,6718.16608056274,6965.11226889286
TLA,Latin America & the Caribbean (IDA & IBRD countries),6609.80119656787,6536.59948338308,6458.32117502446,6518.45556588719,6799.16603256747,6997.41671457478,7284.10053840676,7589.79512008476,7789.84445398257,7519.31125343201,7913.95492804608,8184.33972606365,8315.26653499428,8457.50619153367,8473.88677256195,8404.37747196218,8260.3745502491,8315.64171218597,8349.28798690798,8303.9522722113,7684.38521376063
TLS,Timor-Leste,1117.56432347244,1192.74796357529,1028.13194386616,964.322543048225,955.470489028291,964.026656178075,897.573801807644,961.848415522858,1042.86833768293,1120.09693594876,1195.38066079604,1237.48380284894,1269.41625561248,1281.92864043187,1312.96494988639,1319.59295003154,1333.65856117568,1267.08661597675,1237.2006590123,1507.24743550088,1947.83992943521
TMN,"Middle East, North Africa, Afghanistan & Pakistan (IDA & IBRD)",2320.80541483788,2336.86270839232,2362.1474741275,2374.28256433042,2498.0483965743,2561.89007487955,2640.5399369682,2734.2054667671,2767.73209152447,2782.93412660241,2854.82931988365,2783.21080824354,2824.63821117317,2801.57595101198,2816.94028870906,2799.45441811583,2906.72067314977,2956.16092955273,2965.86693458956,2954.09492790131,2828.39465134815
TON,Tonga,3866.68574867282,3901.18055446166,4050.98945082432,4030.19673410072,3928.06014016386,3880.07037654517,3775.24832512712,3665.89534379299,3833.60152751942,3630.76081551536,3653.97801722796,3892.76791192676,3932.59350453286,3962.16964095596,4058.815614369,4123.90323993332,4419.81472868939,4568.62468668733,4583.5594849415,4566.07497816235,4647.0076512901
TSA,South Asia (IDA & IBRD),758.133172484319,778.357238713854,793.58779205405,838.605352931883,887.193101602536,940.169909002488,999.335555409877,1059.31634791841,1081.2982713599,1145.46231062146,1222.51823014544,1272.07513809819,1326.51107396561,1392.20217841536,1475.2167650201,1570.54142462917,1676.35409782334,1770.26291324586,1863.72112646654,1920.39706317474,1806.99045389559
TSS,Sub-Saharan Africa (IDA & IBRD countries),1197.83286103765,1215.36013800713,1258.74653507283,1275.72710309586,1324.51853793772,1366.27424482585,1409.85883394612,1456.1661697907,1490.09370157274,1495.15888390986,1542.53215408965,1567.63762624075,1576.31411158834,1612.24237571721,1643.26781016129,1646.44941139316,1623.17708645872,1620.53648783766,1622.24137160361,1621.5953888781,1529.24894566347
TTO,Trinidad and Tobago,10023.0206669207,10395.2041042218,11165.960015838,12714.5004334846,13657.2534995604,15075.4179709902,17021.2241679562,17758.6995224652,18285.2735441992,17461.9640940055,17938.0949459463,17746.509252615,18835.6674122954,19392.1974593783,20032.5402001718,19887.2327716498,18331.034459758,17402.6155328454,17205.615135339,17225.361633712,15679.9611486825
TUN,Tunisia,2864.54703666618,2941.73893592906,2950.20410959054,3058.22895827842,3218.72320748457,3301.93817216029,3444.5513526091,3642.11977444786,3760.11828478704,3835.25011939301,3906.90625867605,3784.7412903401,3900.04620132702,3947.58763533174,4021.59954703591,4014.94773686432,4015.28893802703,4062.80606534519,4127.97005697994,4153.27978615515,3749.26841452928
TUR,Turkiye,6326.25746472488,5906.92348536699,6211.70542960394,6496.07277294612,7061.62219794984,7623.14640948457,8078.5153787571,8477.53328393352,8447.93976396947,7925.30110421185,8472.57809050119,9265.85910238578,9588.32066531438,10269.4489140773,10597.9801881716,11064.6494504662,11279.6169531569,12005.6459824832,12255.0082146169,12238.2950220128,12338.643833135
TUV,Tuvalu,3056.55101983122,3043.15907920605,3320.16858154912,3152.22822039796,3042.6128529965,2864.90524160208,2900.92710155819,3069.67368184077,3230.22109521715,2987.80397939993,2879.29645720352,3028.2511217061,2922.07629963849,3030.55285189857,3035.24325598472,3357.83417700071,3558.61212970652,3666.20189700038,3757.85997284742,4345.99606453315,4233.0183205634
TZA,Tanzania,555.348083496094,573.400146484375,598.421569824219,621.720703125,650.516540527344,680.051208496094,704.502746582031,731.52001953125,752.540466308594,772.929565429688,801.29931640625,838.999267578125,851.910705566406,882.8115234375,913.811218261719,939.127319335938,970.156127929688,1001.55895996094,1024.01525878906,1051.7666015625,1041.25964355469
UGA,Uganda,509.19755319016,519.456547890884,547.405338919875,564.720539196569,585.339489080616,604.404813057618,650.270540867444,684.542241787248,722.565167003452,749.342865535423,768.624091660131,816.516366587228,823.580468285493,828.988669729986,845.978664791099,862.934610355811,874.648370639216,871.093880017151,895.07512785438,920.939101515671,917.0350317644
UKR,Ukraine,1409.22265625,1547.2783203125,1644.28125,1814.25854492188,2042.44494628906,2122.6015625,2298.13232421875,2498.35205078125,2567.69409179688,2188.17016601563,2285.93383789063,2418.12084960938,2426.92944335938,2432.41625976563,2308.6435546875,2094.47387695313,2156.0830078125,2217.7529296875,2308.6669921875,2398.07836914063,2324.107421875
URY,Uruguay,11096.3309569487,10643.5574019273,9806.7713064359,9878.75684344081,10366.9067382871,11131.3984890038,11574.470540231,12310.482735502,13165.83628166,13691.71420689,14722.3780081191,15443.9961926395,15949.3176985435,16639.4054750651,17122.0364563225,17125.9016800298,17357.2349992841,17611.6036701032,17608.9441195037,17758.4384372986,16443.3635000843
USA,United States,48379.7551705781,48361.0167607073,48729.1586442625,49662.7520549839,51098.5573007417,52393.4513113092,53335.5896950225,53889.3964951775,53442.7136899777,51611.3217087719,52555.7695134023,52956.6630340962,53738.1476714593,54462.6252412407,55394.4510435329,56572.9188996063,57151.4708448372,58151.7021391854,59526.665698712,60750.9898621637,59194.6665172031
UZB,Uzbekistan,1269.72137546219,1306.60633175114,1341.95995981671,1381.8257280882,1466.6134889113,1549.04577531643,1643.14645619601,1773.75803693248,1904.45855506712,2025.04298646098,2144.6400056546,2271.00936223002,2395.84036755728,2530.68447898703,2659.99075095273,2803.19018021751,2918.67725852903,2995.76761437743,3108.1618786112,3259.36964632494,3249.05191094018
VCT,St. Vincent and the Grenadines,5067.96739467376,5158.56617678847,5441.52648867536,5816.20788359407,6071.94945269221,6244.35953746008,6707.27875985734,6960.17151500732,7019.9950843874,6955.82358345268,6678.04200697308,6674.58198966102,6790.68325958275,6996.57386151332,7116.22071347207,7353.73556054184,7702.8942635647,7872.92690537077,8179.99598957084,8294.67434486665,7989.74651933597
VEN,"Venezuela, RB",3740.0195496928,3796.80579715312,3398.56849937324,3079.6634541359,3580.85417271298,3884.70081071301,4199.39766916963,4496.84905010777,4665.9531880382,4455.4532320933,4332.02681796507,4455.41063337951,4647.37303726595,4653.3645655649,4421.60786723331,4103.1384987005,3382.73477932247,2871.31531165261,2365.59281270712,1762.73734800083,1255.37263090506
VIR,Virgin Islands (U.S.),,,43205.7246740388,43036.1815136022,44466.2872190216,46021.5905731819,47671.567182812,49598.1259079427,50174.7528938473,46862.8076001874,47162.7375570431,43320.176769501,36938.1682086351,34663.6460602129,34098.7109972738,34007.3529411765,34614.7482633247,34435.4944455756,35174.1019944986,36309.7438446842,35850.7433148653
VNM,Viet Nam,1212.19657794381,1273.8052690094,1340.51670460271,1418.74337471509,1510.94449049599,1609.96268313651,1699.67620343393,1788.9485028957,1856.00519883979,1927.13427057454,2027.58184375924,2132.90453762087,2224.11404253256,2320.08431444934,2439.28655744423,2577.56885340113,2715.57887431272,2868.13680013379,3048.28327602145,3241.07648966529,3303.16949807493
VUT,Vanuatu,2841.73909435642,2676.92934450613,2475.16636434639,2518.521315183,2555.73432279339,2626.85057870874,2780.97475852227,2791.7418410919,2875.08524058992,2888.13715784739,2856.77377649901,2883.22689591881,2849.05448321427,2799.28262661802,2807.83422956759,2854.89412272653,2889.01404801498,2946.96186165079,2960.65376683153,2986.2036911437,2771.87098808052
WLD,World,7858.90796621258,7912.24589263937,7989.62889151096,8131.19308358597,8388.59733771259,8618.44740525166,8890.47332913352,9166.56507078682,9240.5056265252,9005.17592406812,9298.74987325049,9492.82945551876,9630.06477941677,9786.8793911809,9972.4823409961,10161.9445773234,10324.8400705021,10561.100105291,10789.6668089725,10963.6816310515,10541.8118545305
WSM,Samoa,2945.37217923198,3137.46403765812,3291.3424477268,3444.99857743289,3535.73813824914,3755.78242822467,3820.92239453139,3818.25503804332,3925.8743329936,3875.94291686166,4081.15535978003,4201.45663738908,4007.91092846814,3976.39289268132,3967.23730470679,4084.36083819933,4373.23792440391,4393.37316255965,4321.00518344962,4466.08075482035,4283.06392492734
XKX,Kosovo,,,,,,,,,2543.59926351696,2680.86121521141,2822.63359634011,2995.64952029477,3021.35142613995,3163.47189486431,3279.02499043758,3520.62850699375,3739.17562318261,3890.17807271082,4009.12140760339,4219.06693858503,3990.94613053859
YEM,"Yemen, Rep.",2114.67265566851,2129.77268762778,2148.88860494788,2164.86083019467,2185.78999159086,2237.63762643152,2234.74266863312,2235.75075901067,2244.04491655237,2257.46902086832,2356.19960422096,1994.83663337222,1981.45800046603,2014.7289059487,1950.1625450589,1362.1738120601,1197.95865971172,1103.45634849842,1079.32938366255,,
ZAF,South Africa,4700.87555500704,4786.482450463,4916.81498068625,5011.62223150169,5187.35683424034,5406.07581377638,5650.9883176549,5891.42069421698,6009.71963138635,5847.05811084505,5953.94506512821,6067.12482726885,6121.55783860713,6170.87670863373,6155.00589462516,6112.27382485974,6095.295060428,6125.6920507497,6117.2701406047,6032.82972598668,5569.58483319272
ZMB,Zambia,804.48463418783,822.020935308251,833.021177549004,863.650190656785,895.475258534826,929.079255855905,968.563565019492,1013.08567432637,1053.58612301068,1110.71918102486,1183.41712409199,1208.46424569634,1258.78938578996,1280.77012176778,1299.01241762504,1295.87788680068,1303.57513869133,1308.76829240086,1321.25045711573,1301.18132976178,1228.73500113195
ZWE,Zimbabwe,1677.34896793251,1690.14666163116,1525.07935706564,1250.91948331231,1165.54447081543,1088.63148420699,1038.22375658033,987.200362596937,803.044944654991,896.915532877845,1056.20884563889,1184.93421020563,1360.15230034275,1367.81831689463,1381.25404125871,1387.12632595026,1378.34256192374,1422.91948946927,1472.14603844842,1357.53087818754,1230.81933361016
